INSERT INTO public.languages (id, name) VALUES ('en_US', 'English');

INSERT INTO public.users (id, guid, username, email, created_at, updated_at, firstname, lastname, picture) VALUES (1, 'a4d3ed62-456d-4266-b018-17d9d45d5dbf', null, 'topher@rfcx.org', '2015-08-26 05:46:58.000', '2020-05-23 09:30:12.000', 'Topher', 'White', null);
INSERT INTO public.users (id, guid, username, email, created_at, updated_at, firstname, lastname, picture) VALUES (8, '24582fec-bee2-42ba-a611-7cbffe1c1726', null, 'antonyharfield@gmail.com', '2015-10-09 04:19:23.000', '2020-05-21 09:40:55.000', 'Antony', 'Harfield', null);
INSERT INTO public.users (id, guid, username, email, created_at, updated_at, firstname, lastname, picture) VALUES (13, '63079ab5-fd39-4486-b01c-f61426ffce50', null, 'sr.rassokhin@gmail.com', '2015-11-05 19:15:46.000', '2020-05-22 20:14:31.000', 'Stanislav', 'Rassokhin', 'https://rfcx-users-staging.s3-eu-west-1.amazonaws.com/userpics/63079ab5-fd39-4486-b01c-f61426ffce50.jpg');
INSERT INTO public.users (id, guid, username, email, created_at, updated_at, firstname, lastname, picture) VALUES (68, 'a00d7178-1ef9-457a-8959-4fe041048fbf', null, 'yahiakhidr@gmail.com', '2017-11-17 14:32:28.000', '2020-03-11 10:23:59.000', 'Yahia', 'Khedr', null);
INSERT INTO public.users (id, guid, username, email, created_at, updated_at, firstname, lastname, picture) VALUES (181, 'd48b441c-a95b-4767-84e6-9aa1f872fbde', null, 'ea.rassokhina@gmail.com', '2018-05-02 15:10:34.000', '2020-05-30 05:13:50.000', 'Evgeniya', 'Rassokhina', 'https://rfcx-users-staging.s3-eu-west-1.amazonaws.com/userpics/d48b441c-a95b-4767-84e6-9aa1f872fbde.JPG');
INSERT INTO public.users (id, guid, username, email, created_at, updated_at, firstname, lastname, picture) VALUES (183, '837f4324-6f33-423f-8e97-2b40cfc83c81', null, 'antonyh@nu.ac.th', '2018-06-21 14:24:30.000', '2018-08-02 15:25:06.000', 'Antony', 'Harfield', null);
INSERT INTO public.users (id, guid, username, email, created_at, updated_at, firstname, lastname, picture) VALUES (184, 'cd1a90b4-a1f9-409e-8f3a-d48696b7bfd4', null, 'nui765@gmail.com', '2018-06-21 14:28:44.000', '2020-05-29 07:01:02.000', 'Nui', 'Somjin', null);
INSERT INTO public.users (id, guid, username, email, created_at, updated_at, firstname, lastname, picture) VALUES (185, '8e7b74bb-dac2-4b49-9329-8a81b4891a32', null, 'nuisomjin@gmail.com', '2018-06-21 14:29:48.000', '2019-03-08 15:20:20.000', 'Somjintana', 'K.', null);
INSERT INTO public.users (id, guid, username, email, created_at, updated_at, firstname, lastname, picture) VALUES (247, 'ed0457ff-849c-40cb-8684-4cb65bd41e74', null, 'somjintana@rfcx.org', '2019-07-15 08:47:34.000', '2020-05-31 04:40:16.000', 'Somjintana', 'Korbut', null);
INSERT INTO public.users (id, guid, username, email, created_at, updated_at, firstname, lastname, picture) VALUES (254, '5267c88d-ea1b-43c7-baea-e48ea040306e', null, 'zephyr@rfcx.org', '2019-12-12 15:48:11.000', '2020-05-29 23:43:46.000', 'Zephyr', 'Gold', null);
INSERT INTO public.users (id, guid, username, email, created_at, updated_at, firstname, lastname, picture) VALUES (255, '527b18fe-d4a3-4824-ab68-ea72d44b52b6', null, 'andrey@rfcx.org', '2019-12-17 09:50:50.000', '2020-05-30 19:03:19.000', 'Andrey', 'Martyshchenko', null);
INSERT INTO public.users (id, guid, username, email, created_at, updated_at, firstname, lastname, picture) VALUES (259, 'f7711d43-d8f7-4b65-b600-139b10df8bb6', null, 'yahia@rfcx.org', '2020-01-07 14:58:45.000', '2020-04-20 14:02:57.000', 'Yahia', 'Khedr', null);
INSERT INTO public.users (id, guid, username, email, created_at, updated_at, firstname, lastname, picture) VALUES (263, 'f4e47f41-c299-4cdc-a7be-73be05419377', null, 'antony@rfcx.org', '2020-03-16 13:55:30.000', '2020-04-20 07:09:50.000', 'Ant', 'RFCx', null);
INSERT INTO public.users (id, guid, username, email, created_at, updated_at, firstname, lastname, picture) VALUES (265, '3a7ed7a1-5e53-408e-8eb6-2fd7433add62', null, 'lawrence@rfcx.org', '2020-03-17 16:51:09.000', '2020-05-29 18:08:46.000', 'Lawrence', 'Whittaker', null);
INSERT INTO public.users (id, guid, username, email, created_at, updated_at, firstname, lastname, picture) VALUES (266, '5635c152-d4e0-4a89-9e78-544d2849672a', null, 'stas@rfcx.org', '2020-03-23 16:51:12.000', '2020-03-25 14:57:14.000', 'Stas', 'RFCx', null);
INSERT INTO public.users (id, guid, username, email, created_at, updated_at, firstname, lastname, picture) VALUES (270, 'f30a782a-eba2-4841-bfea-a42ceaeebaf7', null, 'franco.valoppi@gmail.com', '2020-04-10 19:32:44.000', '2020-05-29 21:36:17.000', 'Franco', 'V', null);
INSERT INTO public.users (id, guid, username, email, created_at, updated_at, firstname, lastname, picture) VALUES (281, '8509dc56-5346-492b-9977-f60d37ce23b5', null, 'nutto@rfcx.org', '2020-05-17 14:06:56.000', '2020-05-29 06:03:51.000', 'Pichasamon', 'Phairod', null);
INSERT INTO public.users (id, guid, username, email, created_at, updated_at, firstname, lastname, picture) VALUES (283, '0965cfe6-6abe-49d6-a875-a5042c6b9324', null, 'jack@rfcx.org', '2020-05-19 13:17:23.000', '2020-05-21 18:21:21.000', 'Jack', 'LeBien', null);
INSERT INTO public.users (id, guid, username, email, created_at, updated_at, firstname, lastname, picture) VALUES (287, '5c545d61-c321-4eab-9854-c904907a3af8', null, 'soledadmerlo@gmail.com', '2020-05-29 22:59:01.000', '2020-05-29 23:44:32.000', 'Soledad', 'Merlo', null);

INSERT INTO public.classification_types (id, value) VALUES (1, 'section');
INSERT INTO public.classification_types (id, value) VALUES (2, 'kingdom');
INSERT INTO public.classification_types (id, value) VALUES (3, 'phylum');
INSERT INTO public.classification_types (id, value) VALUES (4, 'class');
INSERT INTO public.classification_types (id, value) VALUES (5, 'order');
INSERT INTO public.classification_types (id, value) VALUES (6, 'family');
INSERT INTO public.classification_types (id, value) VALUES (7, 'genus');
INSERT INTO public.classification_types (id, value) VALUES (8, 'species');
INSERT INTO public.classification_types (id, value) VALUES (9, 'subspecies');
INSERT INTO public.classification_types (id, value) VALUES (10, 'characteristic');

INSERT INTO public.classification_sources (id, value) VALUES (1, 'speciesplus');
INSERT INTO public.classification_sources (id, value) VALUES (2, 'auto generated');

INSERT INTO public."classifications" (id, value, title, source_external_id, created_at, updated_at, type_id, source_id, parent_id) VALUES (1, 'live', 'Live', null, '2020-05-23 11:22:37.094935', '2020-05-23 11:22:37.094935', 1, null, null);
INSERT INTO public."classifications" (id, value, title, source_external_id, created_at, updated_at, type_id, source_id, parent_id) VALUES (2, 'tech', 'Technology', null, '2020-05-23 11:22:37.121887', '2020-05-23 11:22:37.121887', 1, null, null);
INSERT INTO public."classifications" (id, value, title, source_external_id, created_at, updated_at, type_id, source_id, parent_id) VALUES (3, 'animalia', 'Animalia', null, '2020-05-23 11:22:37.144031', '2020-05-23 11:22:37.144031', 2, 1, 1);
INSERT INTO public."classifications" (id, value, title, source_external_id, created_at, updated_at, type_id, source_id, parent_id) VALUES (4, 'cnidaria', 'Cnidaria', null, '2020-05-23 11:22:37.157487', '2020-05-23 11:22:37.157487', 3, 1, 3);
INSERT INTO public."classifications" (id, value, title, source_external_id, created_at, updated_at, type_id, source_id, parent_id) VALUES (5, 'anthozoa', 'Anthozoa', null, '2020-05-23 11:22:37.381276', '2020-05-23 11:22:37.381276', 4, 1, 4);
INSERT INTO public."classifications" (id, value, title, source_external_id, created_at, updated_at, type_id, source_id, parent_id) VALUES (6, 'scleractinia', 'Scleractinia', null, '2020-05-23 11:22:37.601360', '2020-05-23 11:22:37.601360', 5, 1, 5);
INSERT INTO public."classifications" (id, value, title, source_external_id, created_at, updated_at, type_id, source_id, parent_id) VALUES (7, 'agariciidae', 'Agariciidae', null, '2020-05-23 11:22:37.823052', '2020-05-23 11:22:37.823052', 6, 1, 6);
INSERT INTO public."classifications" (id, value, title, source_external_id, created_at, updated_at, type_id, source_id, parent_id) VALUES (8, 'leptoseris', 'Leptoseris', null, '2020-05-23 11:22:38.037362', '2020-05-23 11:22:38.037362', 7, 1, 7);
INSERT INTO public."classifications" (id, value, title, source_external_id, created_at, updated_at, type_id, source_id, parent_id) VALUES (9, 'papyracea', 'Leptoseris papyracea', 9067, '2020-05-23 11:22:38.254496', '2020-05-23 11:22:38.254496', 8, 1, 8);
INSERT INTO public."classifications" (id, value, title, source_external_id, created_at, updated_at, type_id, source_id, parent_id) VALUES (11, 'chordata', 'Chordata', null, '2020-05-23 11:22:39.736827', '2020-05-23 11:22:39.736827', 3, 1, 3);
INSERT INTO public."classifications" (id, value, title, source_external_id, created_at, updated_at, type_id, source_id, parent_id) VALUES (12, 'mammalia', 'Mammalia', null, '2020-05-23 11:22:39.958109', '2020-05-23 11:22:39.958109', 4, 1, 11);
INSERT INTO public."classifications" (id, value, title, source_external_id, created_at, updated_at, type_id, source_id, parent_id) VALUES (13, 'carnivora', 'Carnivora', null, '2020-05-23 11:22:40.177522', '2020-05-23 11:22:40.177522', 5, 1, 12);
INSERT INTO public."classifications" (id, value, title, source_external_id, created_at, updated_at, type_id, source_id, parent_id) VALUES (14, 'felidae', 'Felidae', null, '2020-05-23 11:22:40.416872', '2020-05-23 11:22:40.416872', 6, 1, 13);
INSERT INTO public."classifications" (id, value, title, source_external_id, created_at, updated_at, type_id, source_id, parent_id) VALUES (15, 'felis', 'Felis', null, '2020-05-23 11:22:40.641626', '2020-05-23 11:22:40.641626', 7, 1, 14);
INSERT INTO public."classifications" (id, value, title, source_external_id, created_at, updated_at, type_id, source_id, parent_id) VALUES (16, 'chaus', 'Felis chaus', 9395, '2020-05-23 11:22:40.858658', '2020-05-23 11:22:40.858658', 8, 1, 15);
INSERT INTO public."classifications" (id, value, title, source_external_id, created_at, updated_at, type_id, source_id, parent_id) VALUES (22, 'pachyseris', 'Pachyseris', null, '2020-05-23 11:22:43.308989', '2020-05-23 11:22:43.308989', 7, 1, 7);
INSERT INTO public."classifications" (id, value, title, source_external_id, created_at, updated_at, type_id, source_id, parent_id) VALUES (23, 'speciosa', 'Pachyseris speciosa', 7999, '2020-05-23 11:22:43.528381', '2020-05-23 11:22:43.528381', 8, 1, 22);
INSERT INTO public."classifications" (id, value, title, source_external_id, created_at, updated_at, type_id, source_id, parent_id) VALUES (28, 'acroporidae', 'Acroporidae', null, '2020-05-23 11:22:45.417954', '2020-05-23 11:22:45.417954', 6, 1, 6);
INSERT INTO public."classifications" (id, value, title, source_external_id, created_at, updated_at, type_id, source_id, parent_id) VALUES (29, 'montipora', 'Montipora', null, '2020-05-23 11:22:45.639954', '2020-05-23 11:22:45.639954', 7, 1, 28);
INSERT INTO public."classifications" (id, value, title, source_external_id, created_at, updated_at, type_id, source_id, parent_id) VALUES (30, 'efflorescens', 'Montipora efflorescens', 3430, '2020-05-23 11:22:45.856514', '2020-05-23 11:22:45.856514', 8, 1, 29);
INSERT INTO public."classifications" (id, value, title, source_external_id, created_at, updated_at, type_id, source_id, parent_id) VALUES (33, 'reptilia', 'Reptilia', null, '2020-05-23 11:22:47.832296', '2020-05-23 11:22:47.832296', 4, 1, 11);
INSERT INTO public."classifications" (id, value, title, source_external_id, created_at, updated_at, type_id, source_id, parent_id) VALUES (34, 'testudines', 'Testudines', null, '2020-05-23 11:22:48.054126', '2020-05-23 11:22:48.054126', 5, 1, 33);
INSERT INTO public."classifications" (id, value, title, source_external_id, created_at, updated_at, type_id, source_id, parent_id) VALUES (35, 'trionychidae', 'Trionychidae', null, '2020-05-23 11:22:48.272966', '2020-05-23 11:22:48.272966', 6, 1, 34);
INSERT INTO public."classifications" (id, value, title, source_external_id, created_at, updated_at, type_id, source_id, parent_id) VALUES (36, 'pelochelys', 'Pelochelys', null, '2020-05-23 11:22:48.496834', '2020-05-23 11:22:48.496834', 7, 1, 35);
INSERT INTO public."classifications" (id, value, title, source_external_id, created_at, updated_at, type_id, source_id, parent_id) VALUES (37, 'cantorii', 'Pelochelys cantorii', 7022, '2020-05-23 11:22:48.718948', '2020-05-23 11:22:48.718948', 8, 1, 36);
INSERT INTO public."classifications" (id, value, title, source_external_id, created_at, updated_at, type_id, source_id, parent_id) VALUES (40, 'aves', 'Aves', null, '2020-05-23 11:22:50.056499', '2020-05-23 11:22:50.056499', 4, 1, 11);
INSERT INTO public."classifications" (id, value, title, source_external_id, created_at, updated_at, type_id, source_id, parent_id) VALUES (41, 'falconiformes', 'Falconiformes', null, '2020-05-23 11:22:50.278374', '2020-05-23 11:22:50.278374', 5, 1, 40);
INSERT INTO public."classifications" (id, value, title, source_external_id, created_at, updated_at, type_id, source_id, parent_id) VALUES (42, 'accipitridae', 'Accipitridae', null, '2020-05-23 11:22:50.491912', '2020-05-23 11:22:50.491912', 6, 1, 41);
INSERT INTO public."classifications" (id, value, title, source_external_id, created_at, updated_at, type_id, source_id, parent_id) VALUES (43, 'accipiter', 'Accipiter', null, '2020-05-23 11:22:50.713214', '2020-05-23 11:22:50.713214', 7, 1, 42);
INSERT INTO public."classifications" (id, value, title, source_external_id, created_at, updated_at, type_id, source_id, parent_id) VALUES (44, 'nisus', 'Accipiter nisus', 5629, '2020-05-23 11:22:50.933003', '2020-05-23 11:22:50.933003', 8, 1, 43);
INSERT INTO public."classifications" (id, value, title, source_external_id, created_at, updated_at, type_id, source_id, parent_id) VALUES (48, 'serpentes', 'Serpentes', null, '2020-05-23 11:22:53.016998', '2020-05-23 11:22:53.016998', 5, 1, 33);
INSERT INTO public."classifications" (id, value, title, source_external_id, created_at, updated_at, type_id, source_id, parent_id) VALUES (49, 'elapidae', 'Elapidae', null, '2020-05-23 11:22:53.237139', '2020-05-23 11:22:53.237139', 6, 1, 48);
INSERT INTO public."classifications" (id, value, title, source_external_id, created_at, updated_at, type_id, source_id, parent_id) VALUES (50, 'ophiophagus', 'Ophiophagus', null, '2020-05-23 11:22:53.458394', '2020-05-23 11:22:53.458394', 7, 1, 49);
INSERT INTO public."classifications" (id, value, title, source_external_id, created_at, updated_at, type_id, source_id, parent_id) VALUES (51, 'hannah', 'Ophiophagus hannah', 4751, '2020-05-23 11:22:53.688424', '2020-05-23 11:22:53.688424', 8, 1, 50);
INSERT INTO public."classifications" (id, value, title, source_external_id, created_at, updated_at, type_id, source_id, parent_id) VALUES (56, 'canidae', 'Canidae', null, '2020-05-23 11:22:55.967753', '2020-05-23 11:22:55.967753', 6, 1, 13);
INSERT INTO public."classifications" (id, value, title, source_external_id, created_at, updated_at, type_id, source_id, parent_id) VALUES (57, 'canis', 'Canis', null, '2020-05-23 11:22:56.185565', '2020-05-23 11:22:56.185565', 7, 1, 56);
INSERT INTO public."classifications" (id, value, title, source_external_id, created_at, updated_at, type_id, source_id, parent_id) VALUES (58, 'aureus', 'Canis aureus', 9412, '2020-05-23 11:22:56.405777', '2020-05-23 11:22:56.405777', 8, 1, 57);
INSERT INTO public."classifications" (id, value, title, source_external_id, created_at, updated_at, type_id, source_id, parent_id) VALUES (64, 'prionailurus', 'Prionailurus', null, '2020-05-23 11:22:58.911268', '2020-05-23 11:22:58.911268', 7, 1, 14);
INSERT INTO public."classifications" (id, value, title, source_external_id, created_at, updated_at, type_id, source_id, parent_id) VALUES (65, 'viverrinus', 'Prionailurus viverrinus', 8400, '2020-05-23 11:22:59.131931', '2020-05-23 11:22:59.131931', 8, 1, 64);
INSERT INTO public."classifications" (id, value, title, source_external_id, created_at, updated_at, type_id, source_id, parent_id) VALUES (70, 'faviidae', 'Faviidae', null, '2020-05-23 11:23:01.387748', '2020-05-23 11:23:01.387748', 6, 1, 6);
INSERT INTO public."classifications" (id, value, title, source_external_id, created_at, updated_at, type_id, source_id, parent_id) VALUES (71, 'platygyra', 'Platygyra', null, '2020-05-23 11:23:01.605689', '2020-05-23 11:23:01.605689', 7, 1, 70);
INSERT INTO public."classifications" (id, value, title, source_external_id, created_at, updated_at, type_id, source_id, parent_id) VALUES (72, 'sinensis', 'Platygyra sinensis', 9102, '2020-05-23 11:23:01.828195', '2020-05-23 11:23:01.828195', 8, 1, 71);
INSERT INTO public."classifications" (id, value, title, source_external_id, created_at, updated_at, type_id, source_id, parent_id) VALUES (74, 'arthropoda', 'Arthropoda', null, '2020-05-23 11:23:03.086046', '2020-05-23 11:23:03.086046', 3, 1, 3);
INSERT INTO public."classifications" (id, value, title, source_external_id, created_at, updated_at, type_id, source_id, parent_id) VALUES (75, 'insecta', 'Insecta', null, '2020-05-23 11:23:03.299805', '2020-05-23 11:23:03.299805', 4, 1, 74);
INSERT INTO public."classifications" (id, value, title, source_external_id, created_at, updated_at, type_id, source_id, parent_id) VALUES (76, 'lepidoptera', 'Lepidoptera', null, '2020-05-23 11:23:03.520789', '2020-05-23 11:23:03.520789', 5, 1, 75);
INSERT INTO public."classifications" (id, value, title, source_external_id, created_at, updated_at, type_id, source_id, parent_id) VALUES (77, 'papilionidae', 'Papilionidae', null, '2020-05-23 11:23:03.742504', '2020-05-23 11:23:03.742504', 6, 1, 76);
INSERT INTO public."classifications" (id, value, title, source_external_id, created_at, updated_at, type_id, source_id, parent_id) VALUES (78, 'bhutanitis', 'Bhutanitis', null, '2020-05-23 11:23:03.963547', '2020-05-23 11:23:03.963547', 7, 1, 77);
INSERT INTO public."classifications" (id, value, title, source_external_id, created_at, updated_at, type_id, source_id, parent_id) VALUES (79, 'lidderdalii', 'Bhutanitis lidderdalii', 9867, '2020-05-23 11:23:04.176709', '2020-05-23 11:23:04.176709', 8, 1, 78);
INSERT INTO public."classifications" (id, value, title, source_external_id, created_at, updated_at, type_id, source_id, parent_id) VALUES (83, 'coraciiformes', 'Coraciiformes', null, '2020-05-23 11:23:05.680373', '2020-05-23 11:23:05.680373', 5, 1, 40);
INSERT INTO public."classifications" (id, value, title, source_external_id, created_at, updated_at, type_id, source_id, parent_id) VALUES (84, 'bucerotidae', 'Bucerotidae', null, '2020-05-23 11:23:05.910308', '2020-05-23 11:23:05.910308', 6, 1, 83);
INSERT INTO public."classifications" (id, value, title, source_external_id, created_at, updated_at, type_id, source_id, parent_id) VALUES (85, 'aceros', 'Aceros', null, '2020-05-23 11:23:06.128726', '2020-05-23 11:23:06.128726', 7, 1, 84);
INSERT INTO public."classifications" (id, value, title, source_external_id, created_at, updated_at, type_id, source_id, parent_id) VALUES (86, 'corrugatus', 'Aceros corrugatus', 7704, '2020-05-23 11:23:06.349545', '2020-05-23 11:23:06.349545', 8, 1, 85);
INSERT INTO public."classifications" (id, value, title, source_external_id, created_at, updated_at, type_id, source_id, parent_id) VALUES (91, 'mussidae', 'Mussidae', null, '2020-05-23 11:23:07.971316', '2020-05-23 11:23:07.971316', 6, 1, 6);
INSERT INTO public."classifications" (id, value, title, source_external_id, created_at, updated_at, type_id, source_id, parent_id) VALUES (92, 'symphyllia', 'Symphyllia', null, '2020-05-23 11:23:08.191726', '2020-05-23 11:23:08.191726', 7, 1, 91);
INSERT INTO public."classifications" (id, value, title, source_external_id, created_at, updated_at, type_id, source_id, parent_id) VALUES (93, 'recta', 'Symphyllia recta', 3565, '2020-05-23 11:23:08.407848', '2020-05-23 11:23:08.407848', 8, 1, 92);
INSERT INTO public."classifications" (id, value, title, source_external_id, created_at, updated_at, type_id, source_id, parent_id) VALUES (97, 'strigiformes', 'Strigiformes', null, '2020-05-23 11:23:10.085515', '2020-05-23 11:23:10.085515', 5, 1, 40);
INSERT INTO public."classifications" (id, value, title, source_external_id, created_at, updated_at, type_id, source_id, parent_id) VALUES (98, 'strigidae', 'Strigidae', null, '2020-05-23 11:23:10.300829', '2020-05-23 11:23:10.300829', 6, 1, 97);
INSERT INTO public."classifications" (id, value, title, source_external_id, created_at, updated_at, type_id, source_id, parent_id) VALUES (99, 'ketupa', 'Ketupa', null, '2020-05-23 11:23:10.522214', '2020-05-23 11:23:10.522214', 7, 1, 98);
INSERT INTO public."classifications" (id, value, title, source_external_id, created_at, updated_at, type_id, source_id, parent_id) VALUES (100, 'zeylonensis', 'Ketupa zeylonensis', 8024, '2020-05-23 11:23:10.740887', '2020-05-23 11:23:10.740887', 8, 1, 99);
INSERT INTO public."classifications" (id, value, title, source_external_id, created_at, updated_at, type_id, source_id, parent_id) VALUES (104, 'primates', 'Primates', null, '2020-05-23 11:23:12.765192', '2020-05-23 11:23:12.765192', 5, 1, 12);
INSERT INTO public."classifications" (id, value, title, source_external_id, created_at, updated_at, type_id, source_id, parent_id) VALUES (105, 'cercopithecidae', 'Cercopithecidae', null, '2020-05-23 11:23:12.978683', '2020-05-23 11:23:12.978683', 6, 1, 104);
INSERT INTO public."classifications" (id, value, title, source_external_id, created_at, updated_at, type_id, source_id, parent_id) VALUES (106, 'trachypithecus', 'Trachypithecus', null, '2020-05-23 11:23:13.193725', '2020-05-23 11:23:13.193725', 7, 1, 105);
INSERT INTO public."classifications" (id, value, title, source_external_id, created_at, updated_at, type_id, source_id, parent_id) VALUES (107, 'germaini', 'Trachypithecus germaini', 11238, '2020-05-23 11:23:13.406947', '2020-05-23 11:23:13.406947', 8, 1, 106);
INSERT INTO public."classifications" (id, value, title, source_external_id, created_at, updated_at, type_id, source_id, parent_id) VALUES (110, 'elasmobranchii', 'Elasmobranchii', null, '2020-05-23 11:23:14.733540', '2020-05-23 11:23:14.733540', 4, 1, 11);
INSERT INTO public."classifications" (id, value, title, source_external_id, created_at, updated_at, type_id, source_id, parent_id) VALUES (111, 'myliobatiformes', 'Myliobatiformes', null, '2020-05-23 11:23:14.951084', '2020-05-23 11:23:14.951084', 5, 1, 110);
INSERT INTO public."classifications" (id, value, title, source_external_id, created_at, updated_at, type_id, source_id, parent_id) VALUES (112, 'myliobatidae', 'Myliobatidae', null, '2020-05-23 11:23:15.164199', '2020-05-23 11:23:15.164199', 6, 1, 111);
INSERT INTO public."classifications" (id, value, title, source_external_id, created_at, updated_at, type_id, source_id, parent_id) VALUES (113, 'mobula', 'Mobula', null, '2020-05-23 11:23:15.380770', '2020-05-23 11:23:15.380770', 7, 1, 112);
INSERT INTO public."classifications" (id, value, title, source_external_id, created_at, updated_at, type_id, source_id, parent_id) VALUES (114, 'eregoodootenkee', 'Mobula eregoodootenkee', 68411, '2020-05-23 11:23:15.594860', '2020-05-23 11:23:15.594860', 8, 1, 113);
INSERT INTO public."classifications" (id, value, title, source_external_id, created_at, updated_at, type_id, source_id, parent_id) VALUES (119, 'viverridae', 'Viverridae', null, '2020-05-23 11:23:17.222030', '2020-05-23 11:23:17.222030', 6, 1, 13);
INSERT INTO public."classifications" (id, value, title, source_external_id, created_at, updated_at, type_id, source_id, parent_id) VALUES (120, 'viverricula', 'Viverricula', null, '2020-05-23 11:23:17.446860', '2020-05-23 11:23:17.446860', 7, 1, 119);
INSERT INTO public."classifications" (id, value, title, source_external_id, created_at, updated_at, type_id, source_id, parent_id) VALUES (121, 'indica', 'Viverricula indica', 8845, '2020-05-23 11:23:17.667908', '2020-05-23 11:23:17.667908', 8, 1, 120);
INSERT INTO public."classifications" (id, value, title, source_external_id, created_at, updated_at, type_id, source_id, parent_id) VALUES (127, 'favia', 'Favia', null, '2020-05-23 11:23:19.560972', '2020-05-23 11:23:19.560972', 7, 1, 70);
INSERT INTO public."classifications" (id, value, title, source_external_id, created_at, updated_at, type_id, source_id, parent_id) VALUES (128, 'rotundata', 'Favia rotundata', 7803, '2020-05-23 11:23:19.785361', '2020-05-23 11:23:19.785361', 8, 1, 127);
INSERT INTO public."classifications" (id, value, title, source_external_id, created_at, updated_at, type_id, source_id, parent_id) VALUES (132, 'ciconiiformes', 'Ciconiiformes', null, '2020-05-23 11:23:21.015633', '2020-05-23 11:23:21.015633', 5, 1, 40);
INSERT INTO public."classifications" (id, value, title, source_external_id, created_at, updated_at, type_id, source_id, parent_id) VALUES (133, 'threskiornithidae', 'Threskiornithidae', null, '2020-05-23 11:23:21.237700', '2020-05-23 11:23:21.237700', 6, 1, 132);
INSERT INTO public."classifications" (id, value, title, source_external_id, created_at, updated_at, type_id, source_id, parent_id) VALUES (134, 'platalea', 'Platalea', null, '2020-05-23 11:23:21.456209', '2020-05-23 11:23:21.456209', 7, 1, 133);
INSERT INTO public."classifications" (id, value, title, source_external_id, created_at, updated_at, type_id, source_id, parent_id) VALUES (135, 'leucorodia', 'Platalea leucorodia', 8745, '2020-05-23 11:23:21.677829', '2020-05-23 11:23:21.677829', 8, 1, 134);
INSERT INTO public."classifications" (id, value, title, source_external_id, created_at, updated_at, type_id, source_id, parent_id) VALUES (141, 'hemigalus', 'Hemigalus', null, '2020-05-23 11:23:24.225278', '2020-05-23 11:23:24.225278', 7, 1, 119);
INSERT INTO public."classifications" (id, value, title, source_external_id, created_at, updated_at, type_id, source_id, parent_id) VALUES (142, 'derbyanus', 'Hemigalus derbyanus', 6327, '2020-05-23 11:23:24.453688', '2020-05-23 11:23:24.453688', 8, 1, 141);
INSERT INTO public."classifications" (id, value, title, source_external_id, created_at, updated_at, type_id, source_id, parent_id) VALUES (155, 'spilornis', 'Spilornis', null, '2020-05-23 11:23:28.258136', '2020-05-23 11:23:28.258136', 7, 1, 42);
INSERT INTO public."classifications" (id, value, title, source_external_id, created_at, updated_at, type_id, source_id, parent_id) VALUES (156, 'cheela', 'Spilornis cheela', 9540, '2020-05-23 11:23:28.476877', '2020-05-23 11:23:28.476877', 8, 1, 155);
INSERT INTO public."classifications" (id, value, title, source_external_id, created_at, updated_at, type_id, source_id, parent_id) VALUES (163, 'favus', 'Favia favus', 3329, '2020-05-23 11:23:30.665986', '2020-05-23 11:23:30.665986', 8, 1, 127);
INSERT INTO public."classifications" (id, value, title, source_external_id, created_at, updated_at, type_id, source_id, parent_id) VALUES (169, 'goniastrea', 'Goniastrea', null, '2020-05-23 11:23:32.850031', '2020-05-23 11:23:32.850031', 7, 1, 70);
INSERT INTO public."classifications" (id, value, title, source_external_id, created_at, updated_at, type_id, source_id, parent_id) VALUES (170, 'pectinata', 'Goniastrea pectinata', 11270, '2020-05-23 11:23:33.074414', '2020-05-23 11:23:33.074414', 8, 1, 169);
INSERT INTO public."classifications" (id, value, title, source_external_id, created_at, updated_at, type_id, source_id, parent_id) VALUES (176, 'haliaeetus', 'Haliaeetus', null, '2020-05-23 11:23:35.198509', '2020-05-23 11:23:35.198509', 7, 1, 42);
INSERT INTO public."classifications" (id, value, title, source_external_id, created_at, updated_at, type_id, source_id, parent_id) VALUES (177, 'albicilla', 'Haliaeetus albicilla', 10804, '2020-05-23 11:23:35.418696', '2020-05-23 11:23:35.418696', 8, 1, 176);
INSERT INTO public."classifications" (id, value, title, source_external_id, created_at, updated_at, type_id, source_id, parent_id) VALUES (183, 'barabattoia', 'Barabattoia', null, '2020-05-23 11:23:38.180441', '2020-05-23 11:23:38.180441', 7, 1, 70);
INSERT INTO public."classifications" (id, value, title, source_external_id, created_at, updated_at, type_id, source_id, parent_id) VALUES (184, 'amicorum', 'Barabattoia amicorum', 3028, '2020-05-23 11:23:38.427222', '2020-05-23 11:23:38.427222', 8, 1, 183);
INSERT INTO public."classifications" (id, value, title, source_external_id, created_at, updated_at, type_id, source_id, parent_id) VALUES (198, 'verrucosa', 'Montipora verrucosa', 4540, '2020-05-23 11:23:42.765199', '2020-05-23 11:23:42.765199', 8, 1, 29);
INSERT INTO public."classifications" (id, value, title, source_external_id, created_at, updated_at, type_id, source_id, parent_id) VALUES (203, 'geoemydidae', 'Geoemydidae', null, '2020-05-23 11:23:44.716623', '2020-05-23 11:23:44.716623', 6, 1, 34);
INSERT INTO public."classifications" (id, value, title, source_external_id, created_at, updated_at, type_id, source_id, parent_id) VALUES (204, 'batagur', 'Batagur', null, '2020-05-23 11:23:44.941231', '2020-05-23 11:23:44.941231', 7, 1, 203);
INSERT INTO public."classifications" (id, value, title, source_external_id, created_at, updated_at, type_id, source_id, parent_id) VALUES (205, 'baska', 'Batagur baska', 10403, '2020-05-23 11:23:45.187795', '2020-05-23 11:23:45.187795', 8, 1, 204);
INSERT INTO public."classifications" (id, value, title, source_external_id, created_at, updated_at, type_id, source_id, parent_id) VALUES (211, 'otus', 'Otus', null, '2020-05-23 11:23:47.630057', '2020-05-23 11:23:47.630057', 7, 1, 98);
INSERT INTO public."classifications" (id, value, title, source_external_id, created_at, updated_at, type_id, source_id, parent_id) VALUES (212, 'bakkamoena', 'Otus bakkamoena', 10487, '2020-05-23 11:23:47.890592', '2020-05-23 11:23:47.890592', 8, 1, 211);
INSERT INTO public."classifications" (id, value, title, source_external_id, created_at, updated_at, type_id, source_id, parent_id) VALUES (218, 'gyps', 'Gyps', null, '2020-05-23 11:23:50.038030', '2020-05-23 11:23:50.038030', 7, 1, 42);
INSERT INTO public."classifications" (id, value, title, source_external_id, created_at, updated_at, type_id, source_id, parent_id) VALUES (219, 'tenuirostris', 'Gyps tenuirostris', 10372, '2020-05-23 11:23:50.259544', '2020-05-23 11:23:50.259544', 8, 1, 218);
INSERT INTO public."classifications" (id, value, title, source_external_id, created_at, updated_at, type_id, source_id, parent_id) VALUES (223, 'pholidota', 'Pholidota', null, '2020-05-23 11:23:52.028340', '2020-05-23 11:23:52.028340', 5, 1, 12);
INSERT INTO public."classifications" (id, value, title, source_external_id, created_at, updated_at, type_id, source_id, parent_id) VALUES (224, 'manidae', 'Manidae', null, '2020-05-23 11:23:52.246193', '2020-05-23 11:23:52.246193', 6, 1, 223);
INSERT INTO public."classifications" (id, value, title, source_external_id, created_at, updated_at, type_id, source_id, parent_id) VALUES (225, 'manis', 'Manis', null, '2020-05-23 11:23:52.467754', '2020-05-23 11:23:52.467754', 7, 1, 224);
INSERT INTO public."classifications" (id, value, title, source_external_id, created_at, updated_at, type_id, source_id, parent_id) VALUES (226, 'javanica', 'Manis javanica', 5034, '2020-05-23 11:23:52.688100', '2020-05-23 11:23:52.688100', 8, 1, 225);
INSERT INTO public."classifications" (id, value, title, source_external_id, created_at, updated_at, type_id, source_id, parent_id) VALUES (230, 'orectolobiformes', 'Orectolobiformes', null, '2020-05-23 11:23:54.571013', '2020-05-23 11:23:54.571013', 5, 1, 110);
INSERT INTO public."classifications" (id, value, title, source_external_id, created_at, updated_at, type_id, source_id, parent_id) VALUES (231, 'rhincodontidae', 'Rhincodontidae', null, '2020-05-23 11:23:54.797964', '2020-05-23 11:23:54.797964', 6, 1, 230);
INSERT INTO public."classifications" (id, value, title, source_external_id, created_at, updated_at, type_id, source_id, parent_id) VALUES (232, 'rhincodon', 'Rhincodon', null, '2020-05-23 11:23:55.019870', '2020-05-23 11:23:55.019870', 7, 1, 231);
INSERT INTO public."classifications" (id, value, title, source_external_id, created_at, updated_at, type_id, source_id, parent_id) VALUES (233, 'typus', 'Rhincodon typus', 6257, '2020-05-23 11:23:55.207622', '2020-05-23 11:23:55.207622', 8, 1, 232);
INSERT INTO public."classifications" (id, value, title, source_external_id, created_at, updated_at, type_id, source_id, parent_id) VALUES (238, 'fungiidae', 'Fungiidae', null, '2020-05-23 11:23:57.070884', '2020-05-23 11:23:57.070884', 6, 1, 6);
INSERT INTO public."classifications" (id, value, title, source_external_id, created_at, updated_at, type_id, source_id, parent_id) VALUES (239, 'fungia', 'Fungia', null, '2020-05-23 11:23:57.292077', '2020-05-23 11:23:57.292077', 7, 1, 238);
INSERT INTO public."classifications" (id, value, title, source_external_id, created_at, updated_at, type_id, source_id, parent_id) VALUES (240, 'cyclolites', 'Fungia cyclolites', 4012, '2020-05-23 11:23:57.513292', '2020-05-23 11:23:57.513292', 8, 1, 239);
INSERT INTO public."classifications" (id, value, title, source_external_id, created_at, updated_at, type_id, source_id, parent_id) VALUES (243, 'actinopteri', 'Actinopteri', null, '2020-05-23 11:23:59.856394', '2020-05-23 11:23:59.856394', 4, 1, 11);
INSERT INTO public."classifications" (id, value, title, source_external_id, created_at, updated_at, type_id, source_id, parent_id) VALUES (244, 'siluriformes', 'Siluriformes', null, '2020-05-23 11:24:00.077996', '2020-05-23 11:24:00.077996', 5, 1, 243);
INSERT INTO public."classifications" (id, value, title, source_external_id, created_at, updated_at, type_id, source_id, parent_id) VALUES (245, 'pangasiidae', 'Pangasiidae', null, '2020-05-23 11:24:00.298647', '2020-05-23 11:24:00.298647', 6, 1, 244);
INSERT INTO public."classifications" (id, value, title, source_external_id, created_at, updated_at, type_id, source_id, parent_id) VALUES (246, 'pangasianodon', 'Pangasianodon', null, '2020-05-23 11:24:00.516395', '2020-05-23 11:24:00.516395', 7, 1, 245);
INSERT INTO public."classifications" (id, value, title, source_external_id, created_at, updated_at, type_id, source_id, parent_id) VALUES (247, 'gigas', 'Pangasianodon gigas', 5186, '2020-05-23 11:24:00.732557', '2020-05-23 11:24:00.732557', 8, 1, 246);
INSERT INTO public."classifications" (id, value, title, source_external_id, created_at, updated_at, type_id, source_id, parent_id) VALUES (254, 'pentadactyla', 'Manis pentadactyla', 5373, '2020-05-23 11:24:02.660658', '2020-05-23 11:24:02.660658', 8, 1, 225);
INSERT INTO public."classifications" (id, value, title, source_external_id, created_at, updated_at, type_id, source_id, parent_id) VALUES (261, 'monasteriata', 'Montipora monasteriata', 8168, '2020-05-23 11:24:05.027219', '2020-05-23 11:24:05.027219', 8, 1, 29);
INSERT INTO public."classifications" (id, value, title, source_external_id, created_at, updated_at, type_id, source_id, parent_id) VALUES (265, 'crocodylia', 'Crocodylia', null, '2020-05-23 11:24:06.668161', '2020-05-23 11:24:06.668161', 5, 1, 33);
INSERT INTO public."classifications" (id, value, title, source_external_id, created_at, updated_at, type_id, source_id, parent_id) VALUES (266, 'crocodylidae', 'Crocodylidae', null, '2020-05-23 11:24:06.887081', '2020-05-23 11:24:06.887081', 6, 1, 265);
INSERT INTO public."classifications" (id, value, title, source_external_id, created_at, updated_at, type_id, source_id, parent_id) VALUES (267, 'crocodylus', 'Crocodylus', null, '2020-05-23 11:24:07.106167', '2020-05-23 11:24:07.106167', 7, 1, 266);
INSERT INTO public."classifications" (id, value, title, image, source_external_id, created_at, updated_at, type_id, source_id, parent_id) VALUES (268, 'porosus', 'Crocodylus porosus', 'https://upload.wikimedia.org/wikipedia/commons/thumb/4/43/SaltwaterCrocodile%28%27Maximo%27%29.jpg/320px-SaltwaterCrocodile%28%27Maximo%27%29.jpg', 8560, '2020-05-23 11:24:07.322720', '2020-05-23 11:24:07.322720', 8, 1, 267);
INSERT INTO public."classifications" (id, value, title, source_external_id, created_at, updated_at, type_id, source_id, parent_id) VALUES (274, 'panthera', 'Panthera', null, '2020-05-23 11:24:09.354092', '2020-05-23 11:24:09.354092', 7, 1, 14);
INSERT INTO public."classifications" (id, value, title, source_external_id, created_at, updated_at, type_id, source_id, parent_id) VALUES (275, 'tigris', 'Panthera tigris', 6047, '2020-05-23 11:24:09.574341', '2020-05-23 11:24:09.574341', 8, 1, 274);
INSERT INTO public."classifications" (id, value, title, source_external_id, created_at, updated_at, type_id, source_id, parent_id) VALUES (279, 'cetacea', 'Cetacea', null, '2020-05-23 11:24:11.555741', '2020-05-23 11:24:11.555741', 5, 1, 12);
INSERT INTO public."classifications" (id, value, title, source_external_id, created_at, updated_at, type_id, source_id, parent_id) VALUES (280, 'delphinidae', 'Delphinidae', null, '2020-05-23 11:24:11.778917', '2020-05-23 11:24:11.778917', 6, 1, 279);
INSERT INTO public."classifications" (id, value, title, source_external_id, created_at, updated_at, type_id, source_id, parent_id) VALUES (281, 'stenella', 'Stenella', null, '2020-05-23 11:24:12.008189', '2020-05-23 11:24:12.008189', 7, 1, 280);
INSERT INTO public."classifications" (id, value, title, source_external_id, created_at, updated_at, type_id, source_id, parent_id) VALUES (282, 'attenuata', 'Stenella attenuata', 8989, '2020-05-23 11:24:12.620247', '2020-05-23 11:24:12.620247', 8, 1, 281);
INSERT INTO public."classifications" (id, value, title, source_external_id, created_at, updated_at, type_id, source_id, parent_id) VALUES (289, 'hispida', 'Montipora hispida', 5997, '2020-05-23 11:24:14.875930', '2020-05-23 11:24:14.875930', 8, 1, 29);
INSERT INTO public."classifications" (id, value, title, source_external_id, created_at, updated_at, type_id, source_id, parent_id) VALUES (294, 'pocilloporidae', 'Pocilloporidae', null, '2020-05-23 11:24:16.479079', '2020-05-23 11:24:16.479079', 6, 1, 6);
INSERT INTO public."classifications" (id, value, title, source_external_id, created_at, updated_at, type_id, source_id, parent_id) VALUES (295, 'pocillopora', 'Pocillopora', null, '2020-05-23 11:24:16.697976', '2020-05-23 11:24:16.697976', 7, 1, 294);
INSERT INTO public."classifications" (id, value, title, source_external_id, created_at, updated_at, type_id, source_id, parent_id) VALUES (296, 'damicornis', 'Pocillopora damicornis', 6043, '2020-05-23 11:24:16.915529', '2020-05-23 11:24:16.915529', 8, 1, 295);
INSERT INTO public."classifications" (id, value, title, image, source_external_id, created_at, updated_at, type_id, source_id, parent_id) VALUES (303, 'obscurus', 'Trachypithecus obscurus', 'https://upload.wikimedia.org/wikipedia/commons/thumb/e/e2/Dusky_leaf_monkey_%288050982300%29.jpg/360px-Dusky_leaf_monkey_%288050982300%29.jpg', 10564, '2020-05-23 11:24:18.841160', '2020-05-23 11:24:18.841160', 8, 1, 106);
INSERT INTO public."classifications" (id, value, title, source_external_id, created_at, updated_at, type_id, source_id, parent_id) VALUES (309, 'acropora', 'Acropora', null, '2020-05-23 11:24:20.834343', '2020-05-23 11:24:20.834343', 7, 1, 28);
INSERT INTO public."classifications" (id, value, title, source_external_id, created_at, updated_at, type_id, source_id, parent_id) VALUES (310, 'florida', 'Acropora florida', 4389, '2020-05-23 11:24:21.050550', '2020-05-23 11:24:21.050550', 8, 1, 309);
INSERT INTO public."classifications" (id, value, title, source_external_id, created_at, updated_at, type_id, source_id, parent_id) VALUES (317, 'dendrum', 'Acropora dendrum', 6001, '2020-05-23 11:24:23.584352', '2020-05-23 11:24:23.584352', 8, 1, 309);
INSERT INTO public."classifications" (id, value, title, source_external_id, created_at, updated_at, type_id, source_id, parent_id) VALUES (323, 'macheiramphus', 'Macheiramphus', null, '2020-05-23 11:24:26.222503', '2020-05-23 11:24:26.222503', 7, 1, 42);
INSERT INTO public."classifications" (id, value, title, source_external_id, created_at, updated_at, type_id, source_id, parent_id) VALUES (324, 'alcinus', 'Macheiramphus alcinus', 7027, '2020-05-23 11:24:26.446214', '2020-05-23 11:24:26.446214', 8, 1, 323);
INSERT INTO public."classifications" (id, value, title, source_external_id, created_at, updated_at, type_id, source_id, parent_id) VALUES (331, 'longicyathus', 'Acropora longicyathus', 3146, '2020-05-23 11:24:29.249615', '2020-05-23 11:24:29.249615', 8, 1, 309);
INSERT INTO public."classifications" (id, value, title, source_external_id, created_at, updated_at, type_id, source_id, parent_id) VALUES (338, 'coeruleoalba', 'Stenella coeruleoalba', 10064, '2020-05-23 11:24:32.245345', '2020-05-23 11:24:32.245345', 8, 1, 281);
INSERT INTO public."classifications" (id, value, title, source_external_id, created_at, updated_at, type_id, source_id, parent_id) VALUES (344, 'cynogale', 'Cynogale', null, '2020-05-23 11:24:34.566096', '2020-05-23 11:24:34.566096', 7, 1, 119);
INSERT INTO public."classifications" (id, value, title, source_external_id, created_at, updated_at, type_id, source_id, parent_id) VALUES (345, 'bennettii', 'Cynogale bennettii', 10884, '2020-05-23 11:24:34.784258', '2020-05-23 11:24:34.784258', 8, 1, 344);
INSERT INTO public."classifications" (id, value, title, source_external_id, created_at, updated_at, type_id, source_id, parent_id) VALUES (350, 'poritidae', 'Poritidae', null, '2020-05-23 11:24:36.668656', '2020-05-23 11:24:36.668656', 6, 1, 6);
INSERT INTO public."classifications" (id, value, title, source_external_id, created_at, updated_at, type_id, source_id, parent_id) VALUES (351, 'goniopora', 'Goniopora', null, '2020-05-23 11:24:36.900752', '2020-05-23 11:24:36.900752', 7, 1, 350);
INSERT INTO public."classifications" (id, value, title, source_external_id, created_at, updated_at, type_id, source_id, parent_id) VALUES (352, 'tenuidens', 'Goniopora tenuidens', 3278, '2020-05-23 11:24:37.121027', '2020-05-23 11:24:37.121027', 8, 1, 351);
INSERT INTO public."classifications" (id, value, title, source_external_id, created_at, updated_at, type_id, source_id, parent_id) VALUES (353, 'attenuata_whistle', 'Whistle', null, '2020-05-23 11:24:12.620247', '2020-05-23 11:24:12.620247', 10, 2, 282);
INSERT INTO public."classifications" (id, value, title, source_external_id, created_at, updated_at, type_id, source_id, parent_id) VALUES (354, 'attenuata_squeak', 'Squeak', null, '2020-05-23 11:24:12.620247', '2020-05-23 11:24:12.620247', 10, 2, 282);
INSERT INTO public."classifications" (id, value, title, source_external_id, created_at, updated_at, type_id, source_id, parent_id) VALUES (355, 'attenuata_moan', 'Moan', null, '2020-05-23 11:24:12.620247', '2020-05-23 11:24:12.620247', 10, 2, 282);

INSERT INTO public."classification_alternative_names" (id, name, rank, classification_id, language_id) VALUES (1, 'Reed Cat', 3, 16, 'en_US');
INSERT INTO public."classification_alternative_names" (id, name, rank, classification_id, language_id) VALUES (2, 'Swamp Cat', 2, 16, 'en_US');
INSERT INTO public."classification_alternative_names" (id, name, rank, classification_id, language_id) VALUES (3, 'Jungle Cat', 1, 16, 'en_US');
INSERT INTO public."classification_alternative_names" (id, name, rank, classification_id, language_id) VALUES (4, 'Phonograph Coral', 1, 23, 'en_US');
INSERT INTO public."classification_alternative_names" (id, name, rank, classification_id, language_id) VALUES (5, 'Cantor''s Giant Softshell Turtle', 5, 37, 'en_US');
INSERT INTO public."classification_alternative_names" (id, name, rank, classification_id, language_id) VALUES (6, 'Frog-faced Giant Softshell Turtle', 4, 37, 'en_US');
INSERT INTO public."classification_alternative_names" (id, name, rank, classification_id, language_id) VALUES (7, 'Asian Giant Softshell Turtle', 3, 37, 'en_US');
INSERT INTO public."classification_alternative_names" (id, name, rank, classification_id, language_id) VALUES (8, 'Frog-faced softshell turtle', 2, 37, 'en_US');
INSERT INTO public."classification_alternative_names" (id, name, rank, classification_id, language_id) VALUES (9, 'Cantor''s giant softshell', 1, 37, 'en_US');
INSERT INTO public."classification_alternative_names" (id, name, rank, classification_id, language_id) VALUES (10, 'Eurasian Sparrowhawk', 3, 44, 'en_US');
INSERT INTO public."classification_alternative_names" (id, name, rank, classification_id, language_id) VALUES (11, 'Sparrowhawk', 2, 44, 'en_US');
INSERT INTO public."classification_alternative_names" (id, name, rank, classification_id, language_id) VALUES (12, 'European sparrowhawk', 1, 44, 'en_US');
INSERT INTO public."classification_alternative_names" (id, name, rank, classification_id, language_id) VALUES (13, 'King Cobra', 2, 51, 'en_US');
INSERT INTO public."classification_alternative_names" (id, name, rank, classification_id, language_id) VALUES (14, 'Hamadryad', 1, 51, 'en_US');
INSERT INTO public."classification_alternative_names" (id, name, rank, classification_id, language_id) VALUES (15, 'Eurasian golden jackal', 3, 58, 'en_US');
INSERT INTO public."classification_alternative_names" (id, name, rank, classification_id, language_id) VALUES (16, 'Common Jackal', 2, 58, 'en_US');
INSERT INTO public."classification_alternative_names" (id, name, rank, classification_id, language_id) VALUES (17, 'Golden Jackal', 1, 58, 'en_US');
INSERT INTO public."classification_alternative_names" (id, name, rank, classification_id, language_id) VALUES (18, 'Fishing Cat', 1, 65, 'en_US');
INSERT INTO public."classification_alternative_names" (id, name, rank, classification_id, language_id) VALUES (19, 'Bhutan Glory', 1, 79, 'en_US');
INSERT INTO public."classification_alternative_names" (id, name, rank, classification_id, language_id) VALUES (20, 'Sunda Wrinkled Hornbill', 2, 86, 'en_US');
INSERT INTO public."classification_alternative_names" (id, name, rank, classification_id, language_id) VALUES (21, 'Wrinkled Hornbill', 1, 86, 'en_US');
INSERT INTO public."classification_alternative_names" (id, name, rank, classification_id, language_id) VALUES (22, 'Brown Fish-Owl', 2, 100, 'en_US');
INSERT INTO public."classification_alternative_names" (id, name, rank, classification_id, language_id) VALUES (23, 'Brown fish owl', 1, 100, 'en_US');
INSERT INTO public."classification_alternative_names" (id, name, rank, classification_id, language_id) VALUES (24, 'Indochinese Lutung', 5, 107, 'en_US');
INSERT INTO public."classification_alternative_names" (id, name, rank, classification_id, language_id) VALUES (25, 'Indochinese Leaf Monkey', 4, 107, 'en_US');
INSERT INTO public."classification_alternative_names" (id, name, rank, classification_id, language_id) VALUES (26, 'Germain''s langur', 3, 107, 'en_US');
INSERT INTO public."classification_alternative_names" (id, name, rank, classification_id, language_id) VALUES (27, 'Indochinese silvered langur', 2, 107, 'en_US');
INSERT INTO public."classification_alternative_names" (id, name, rank, classification_id, language_id) VALUES (28, 'Germain''s silver langur', 1, 107, 'en_US');
INSERT INTO public."classification_alternative_names" (id, name, rank, classification_id, language_id) VALUES (29, 'Pygmy devilray', 2, 114, 'en_US');
INSERT INTO public."classification_alternative_names" (id, name, rank, classification_id, language_id) VALUES (30, 'Longhorned pygmy devil ray', 1, 114, 'en_US');
INSERT INTO public."classification_alternative_names" (id, name, rank, classification_id, language_id) VALUES (31, 'Oriental civet', 2, 121, 'en_US');
INSERT INTO public."classification_alternative_names" (id, name, rank, classification_id, language_id) VALUES (32, 'Small Indian Civet', 1, 121, 'en_US');
INSERT INTO public."classification_alternative_names" (id, name, rank, classification_id, language_id) VALUES (33, 'Spoonbill', 4, 135, 'en_US');
INSERT INTO public."classification_alternative_names" (id, name, rank, classification_id, language_id) VALUES (34, 'European spoonbill', 3, 135, 'en_US');
INSERT INTO public."classification_alternative_names" (id, name, rank, classification_id, language_id) VALUES (35, 'Eurasian Spoonbill', 2, 135, 'en_US');
INSERT INTO public."classification_alternative_names" (id, name, rank, classification_id, language_id) VALUES (36, 'White Spoonbill', 1, 135, 'en_US');
INSERT INTO public."classification_alternative_names" (id, name, rank, classification_id, language_id) VALUES (37, 'Banded Musang', 4, 142, 'en_US');
INSERT INTO public."classification_alternative_names" (id, name, rank, classification_id, language_id) VALUES (38, 'Hardwick''s Civet', 3, 142, 'en_US');
INSERT INTO public."classification_alternative_names" (id, name, rank, classification_id, language_id) VALUES (39, 'Banded Palm Civet', 2, 142, 'en_US');
INSERT INTO public."classification_alternative_names" (id, name, rank, classification_id, language_id) VALUES (40, 'Banded civet', 1, 142, 'en_US');
INSERT INTO public."classification_alternative_names" (id, name, rank, classification_id, language_id) VALUES (46, 'Crested serpent eagle', 7, 156, 'en_US');
INSERT INTO public."classification_alternative_names" (id, name, rank, classification_id, language_id) VALUES (47, 'Ryukyu Serpent-Eagle', 6, 156, 'en_US');
INSERT INTO public."classification_alternative_names" (id, name, rank, classification_id, language_id) VALUES (48, 'Mentawai Serpent-Eagle', 5, 156, 'en_US');
INSERT INTO public."classification_alternative_names" (id, name, rank, classification_id, language_id) VALUES (49, 'Crested Serpent-Eagle', 4, 156, 'en_US');
INSERT INTO public."classification_alternative_names" (id, name, rank, classification_id, language_id) VALUES (50, 'Simeulue Serpent-Eagle', 3, 156, 'en_US');
INSERT INTO public."classification_alternative_names" (id, name, rank, classification_id, language_id) VALUES (51, 'Nias Serpent-Eagle', 2, 156, 'en_US');
INSERT INTO public."classification_alternative_names" (id, name, rank, classification_id, language_id) VALUES (52, 'Natuna Serpent-Eagle', 1, 156, 'en_US');
INSERT INTO public."classification_alternative_names" (id, name, rank, classification_id, language_id) VALUES (53, 'Head coral', 1, 163, 'en_US');
INSERT INTO public."classification_alternative_names" (id, name, rank, classification_id, language_id) VALUES (54, 'Grey Sea Eagle', 3, 177, 'en_US');
INSERT INTO public."classification_alternative_names" (id, name, rank, classification_id, language_id) VALUES (55, 'White-tailed sea-eagle', 2, 177, 'en_US');
INSERT INTO public."classification_alternative_names" (id, name, rank, classification_id, language_id) VALUES (56, 'White-tailed Eagle', 1, 177, 'en_US');
INSERT INTO public."classification_alternative_names" (id, name, rank, classification_id, language_id) VALUES (57, 'Four-toed Terrapin', 5, 205, 'en_US');
INSERT INTO public."classification_alternative_names" (id, name, rank, classification_id, language_id) VALUES (58, 'Northern river terrapin', 4, 205, 'en_US');
INSERT INTO public."classification_alternative_names" (id, name, rank, classification_id, language_id) VALUES (59, 'Batagur', 3, 205, 'en_US');
INSERT INTO public."classification_alternative_names" (id, name, rank, classification_id, language_id) VALUES (60, 'Common Batagur', 2, 205, 'en_US');
INSERT INTO public."classification_alternative_names" (id, name, rank, classification_id, language_id) VALUES (61, 'River Terrapin', 1, 205, 'en_US');
INSERT INTO public."classification_alternative_names" (id, name, rank, classification_id, language_id) VALUES (62, 'Collared Scops-Owl', 3, 212, 'en_US');
INSERT INTO public."classification_alternative_names" (id, name, rank, classification_id, language_id) VALUES (63, 'Sunda Scops-Owl', 2, 212, 'en_US');
INSERT INTO public."classification_alternative_names" (id, name, rank, classification_id, language_id) VALUES (64, 'Indian Scops-Owl', 1, 212, 'en_US');
INSERT INTO public."classification_alternative_names" (id, name, rank, classification_id, language_id) VALUES (65, 'Slender-billed Vulture', 1, 219, 'en_US');
INSERT INTO public."classification_alternative_names" (id, name, rank, classification_id, language_id) VALUES (66, 'Sunda Pangolin', 2, 226, 'en_US');
INSERT INTO public."classification_alternative_names" (id, name, rank, classification_id, language_id) VALUES (67, 'Malayan Pangolin', 1, 226, 'en_US');
INSERT INTO public."classification_alternative_names" (id, name, rank, classification_id, language_id) VALUES (68, 'Whale Shark', 1, 233, 'en_US');
INSERT INTO public."classification_alternative_names" (id, name, rank, classification_id, language_id) VALUES (69, 'Giant Catfish', 2, 247, 'en_US');
INSERT INTO public."classification_alternative_names" (id, name, rank, classification_id, language_id) VALUES (70, 'Mekong giant catfish', 1, 247, 'en_US');
INSERT INTO public."classification_alternative_names" (id, name, rank, classification_id, language_id) VALUES (71, 'Chinese Pangolin', 1, 254, 'en_US');
INSERT INTO public."classification_alternative_names" (id, name, rank, classification_id, language_id) VALUES (72, 'Salt-water Crocodile', 2, 268, 'en_US');
INSERT INTO public."classification_alternative_names" (id, name, rank, classification_id, language_id) VALUES (73, 'Estuarine Crocodile', 1, 268, 'en_US');
INSERT INTO public."classification_alternative_names" (id, name, rank, classification_id, language_id) VALUES (74, 'Amur Tiger', 3, 275, 'en_US');
INSERT INTO public."classification_alternative_names" (id, name, rank, classification_id, language_id) VALUES (75, 'Tiger', 2, 275, 'en_US');
INSERT INTO public."classification_alternative_names" (id, name, rank, classification_id, language_id) VALUES (76, 'Siberian Tiger', 1, 275, 'en_US');
INSERT INTO public."classification_alternative_names" (id, name, rank, classification_id, language_id) VALUES (77, 'Narrow-snouted Dolphin', 3, 282, 'en_US');
INSERT INTO public."classification_alternative_names" (id, name, rank, classification_id, language_id) VALUES (78, 'Bridled Dolphin', 2, 282, 'en_US');
INSERT INTO public."classification_alternative_names" (id, name, rank, classification_id, language_id) VALUES (79, 'Pantropical Spotted Dolphin', 1, 282, 'en_US');
INSERT INTO public."classification_alternative_names" (id, name, rank, classification_id, language_id) VALUES (80, 'Cauliflower Coral', 1, 296, 'en_US');
INSERT INTO public."classification_alternative_names" (id, name, rank, classification_id, language_id) VALUES (81, 'Dusky Leaf Monkey', 4, 303, 'en_US');
INSERT INTO public."classification_alternative_names" (id, name, rank, classification_id, language_id) VALUES (82, 'Spectacled Langur', 3, 303, 'en_US');
INSERT INTO public."classification_alternative_names" (id, name, rank, classification_id, language_id) VALUES (83, 'Spectacled Leaf Monkey', 2, 303, 'en_US');
INSERT INTO public."classification_alternative_names" (id, name, rank, classification_id, language_id) VALUES (84, 'Dusky langur', 1, 303, 'en_US');
INSERT INTO public."classification_alternative_names" (id, name, rank, classification_id, language_id) VALUES (85, 'Branch coral', 1, 310, 'en_US');
INSERT INTO public."classification_alternative_names" (id, name, rank, classification_id, language_id) VALUES (86, 'Bat Kite', 2, 324, 'en_US');
INSERT INTO public."classification_alternative_names" (id, name, rank, classification_id, language_id) VALUES (87, 'Bat Hawk', 1, 324, 'en_US');
INSERT INTO public."classification_alternative_names" (id, name, rank, classification_id, language_id) VALUES (88, 'Euphrosyne Dolphin', 2, 338, 'en_US');
INSERT INTO public."classification_alternative_names" (id, name, rank, classification_id, language_id) VALUES (89, 'Striped Dolphin', 1, 338, 'en_US');
INSERT INTO public."classification_alternative_names" (id, name, rank, classification_id, language_id) VALUES (90, 'Sunda otter civet', 4, 345, 'en_US');
INSERT INTO public."classification_alternative_names" (id, name, rank, classification_id, language_id) VALUES (91, 'Otter civet', 3, 345, 'en_US');
INSERT INTO public."classification_alternative_names" (id, name, rank, classification_id, language_id) VALUES (92, 'Otter-civet', 2, 345, 'en_US');
INSERT INTO public."classification_alternative_names" (id, name, rank, classification_id, language_id) VALUES (93, 'Sunda Otter-civet', 1, 345, 'en_US');

INSERT INTO public."annotations" (id, stream_id, classification_id, start, "end", frequency_min, frequency_max, created_by_id, updated_by_id, created_at, updated_at) VALUES ('89098e06-d59f-455f-a90c-c0b373208d32', 'lgndfyp1enmu', 303, '2020-05-24 15:34:05.500', '2020-05-24 15:34:09.000', 2000, 7800, 8, 8, '2020-05-29 11:30:00.000', '2020-05-29 11:30:00.000');
INSERT INTO public."annotations" (id, stream_id, classification_id, start, "end", frequency_min, frequency_max, created_by_id, updated_by_id, created_at, updated_at) VALUES ('5bf7dd68-ef61-452d-bc42-e28ae1de230d', 'lgndfyp1enmu', 303, '2020-05-24 15:38:45.000', '2020-05-24 15:39:09.000', 2600, 6800, 8, 8, '2020-05-29 11:30:00.000', '2020-05-29 11:30:00.000');
INSERT INTO public."annotations" (id, stream_id, classification_id, start, "end", frequency_min, frequency_max, created_by_id, updated_by_id, created_at, updated_at) VALUES ('e309c97c-01ed-4db3-a3f2-946904c62a02', 'lgndfyp1enmu', 303, '2020-05-24 15:39:22.500', '2020-05-24 15:39:25.500', 2900, 8900, 8, 8, '2020-05-29 11:30:00.000', '2020-05-29 11:30:00.000');
INSERT INTO public."annotations" (id, stream_id, classification_id, start, "end", frequency_min, frequency_max, created_by_id, updated_by_id, created_at, updated_at) VALUES ('eda9c5c7-de13-4d5b-96bd-03ecd9158490', 'lgndfyp1enmu', 303, '2020-05-24 15:35:03.000', '2020-05-24 15:35:29.000', 1800, 8100, 8, 8, '2020-05-29 11:30:00.000', '2020-05-29 11:30:00.000');
INSERT INTO public."annotations" (id, stream_id, classification_id, start, "end", frequency_min, frequency_max, created_by_id, updated_by_id, created_at, updated_at) VALUES ('331d3d7b-1788-4ee9-8e7c-77516a280be4', 'lgndfyp1enmu', 303, '2020-05-24 19:10:53.500', '2020-05-24 19:12:05.500', 2000, 9200, 8, 8, '2020-05-29 11:30:00.000', '2020-05-29 11:30:00.000');
INSERT INTO public."annotations" (id, stream_id, classification_id, start, "end", frequency_min, frequency_max, created_by_id, updated_by_id, created_at, updated_at) VALUES ('3e426fa1-7f51-42d2-8361-b69e145f5169', 'lgndfyp1enmu', 303, '2020-05-24 19:29:00.000', '2020-05-24 19:29:16.750', 1800, 7400, 8, 8, '2020-05-29 11:30:00.000', '2020-05-29 11:30:00.000');
INSERT INTO public."annotations" (id, stream_id, classification_id, start, "end", frequency_min, frequency_max, created_by_id, updated_by_id, created_at, updated_at) VALUES ('df51db27-bf11-4b1a-9493-d7ebb572c181', 'lgndfyp1enmu', 345, '2020-05-24 15:30:45.000', '2020-05-24 15:30:59.500', 7700, 12000, 8, 8, '2020-05-29 11:30:00.000', '2020-05-29 11:30:00.000');
INSERT INTO public."annotations" (id, stream_id, classification_id, start, "end", frequency_min, frequency_max, created_by_id, updated_by_id, created_at, updated_at) VALUES ('bbcb7e6c-d09c-4845-9245-2328662eaad9', 'lgndfyp1enmu', 345, '2020-05-24 15:35:33.500', '2020-05-24 15:35:51.500', 9000, 13500, 8, 8, '2020-05-29 11:30:00.000', '2020-05-29 11:30:00.000');
INSERT INTO public."annotations" (id, stream_id, classification_id, start, "end", frequency_min, frequency_max, created_by_id, updated_by_id, created_at, updated_at) VALUES ('768d27ef-ea77-4c1e-9841-78dd5525dba8', 'ev69cht895gc', 268, '2020-05-24 12:25:05.500', '2020-05-24 12:25:14.000', 1300, 5220, 8, 8, '2020-05-29 11:30:00.000', '2020-05-29 11:30:00.000');
INSERT INTO public."annotations" (id, stream_id, classification_id, start, "end", frequency_min, frequency_max, created_by_id, updated_by_id, created_at, updated_at) VALUES ('2301646d-0654-4467-affd-9b6709be5358', 'ev69cht895gc', 268, '2020-05-24 12:28:45.000', '2020-05-24 12:28:49.000', 600, 5800, 8, 8, '2020-05-29 11:30:00.000', '2020-05-29 11:30:00.000');
INSERT INTO public."annotations" (id, stream_id, classification_id, start, "end", frequency_min, frequency_max, created_by_id, updated_by_id, created_at, updated_at) VALUES ('2301646d-0654-4467-affd-9b6709be5123', 'ev69cht895gc', 268, '2020-05-25 12:00:21.750', '2020-05-25 11:01:25.500', 900, 5900, 8, 8, '2020-05-29 11:30:00.000', '2020-05-29 11:30:00.000');
