INSERT INTO public."Languages" (id, value) VALUES ('en_US', 'en_US');

INSERT INTO public."ClassificationTypes" (id, value, created_at, updated_at) VALUES (1, 'section', '2020-05-23 11:22:36.977589', '2020-05-23 11:22:36.977589');
INSERT INTO public."ClassificationTypes" (id, value, created_at, updated_at) VALUES (2, 'kingdom', '2020-05-23 11:22:36.998456', '2020-05-23 11:22:36.998456');
INSERT INTO public."ClassificationTypes" (id, value, created_at, updated_at) VALUES (3, 'phylum', '2020-05-23 11:22:37.010370', '2020-05-23 11:22:37.010370');
INSERT INTO public."ClassificationTypes" (id, value, created_at, updated_at) VALUES (4, 'class', '2020-05-23 11:22:37.019721', '2020-05-23 11:22:37.019721');
INSERT INTO public."ClassificationTypes" (id, value, created_at, updated_at) VALUES (5, 'order', '2020-05-23 11:22:37.029798', '2020-05-23 11:22:37.029798');
INSERT INTO public."ClassificationTypes" (id, value, created_at, updated_at) VALUES (6, 'family', '2020-05-23 11:22:37.039923', '2020-05-23 11:22:37.039923');
INSERT INTO public."ClassificationTypes" (id, value, created_at, updated_at) VALUES (7, 'genus', '2020-05-23 11:22:37.050112', '2020-05-23 11:22:37.050112');
INSERT INTO public."ClassificationTypes" (id, value, created_at, updated_at) VALUES (8, 'species', '2020-05-23 11:22:37.059088', '2020-05-23 11:22:37.059088');
INSERT INTO public."ClassificationTypes" (id, value, created_at, updated_at) VALUES (9, 'subspecies', '2020-05-23 11:22:37.067437', '2020-05-23 11:22:37.067437');
INSERT INTO public."ClassificationTypes" (id, value, created_at, updated_at) VALUES (10, 'characteristic', '2020-05-23 11:22:37.076046', '2020-05-23 11:22:37.076046');

INSERT INTO public."ClassificationSources" (id, value, created_at, updated_at) VALUES (1, 'speciesplus', '2020-05-23 11:22:37.084649', '2020-05-23 11:22:37.084649');
INSERT INTO public."ClassificationSources" (id, value, created_at, updated_at) VALUES (2, 'auto generated', '2020-05-23 11:22:37.084649', '2020-05-23 11:22:37.084649');

INSERT INTO public."Classifications" (id, value, title, description, image, reference_audio, reference_spectrogram, source_id, created_at, updated_at, type, source, parent) VALUES (1, 'live', 'Live', null, null, null, null, null, '2020-05-23 11:22:37.094935', '2020-05-23 11:22:37.094935', 1, null, null);
INSERT INTO public."Classifications" (id, value, title, description, image, reference_audio, reference_spectrogram, source_id, created_at, updated_at, type, source, parent) VALUES (2, 'tech', 'Technology', null, null, null, null, null, '2020-05-23 11:22:37.121887', '2020-05-23 11:22:37.121887', 1, null, null);
INSERT INTO public."Classifications" (id, value, title, description, image, reference_audio, reference_spectrogram, source_id, created_at, updated_at, type, source, parent) VALUES (3, 'animalia', 'Animalia', null, null, null, null, null, '2020-05-23 11:22:37.144031', '2020-05-23 11:22:37.144031', 2, 1, 1);
INSERT INTO public."Classifications" (id, value, title, description, image, reference_audio, reference_spectrogram, source_id, created_at, updated_at, type, source, parent) VALUES (4, 'cnidaria', 'Cnidaria', null, null, null, null, null, '2020-05-23 11:22:37.157487', '2020-05-23 11:22:37.157487', 3, 1, 3);
INSERT INTO public."Classifications" (id, value, title, description, image, reference_audio, reference_spectrogram, source_id, created_at, updated_at, type, source, parent) VALUES (5, 'anthozoa', 'Anthozoa', null, null, null, null, null, '2020-05-23 11:22:37.381276', '2020-05-23 11:22:37.381276', 4, 1, 4);
INSERT INTO public."Classifications" (id, value, title, description, image, reference_audio, reference_spectrogram, source_id, created_at, updated_at, type, source, parent) VALUES (6, 'scleractinia', 'Scleractinia', null, null, null, null, null, '2020-05-23 11:22:37.601360', '2020-05-23 11:22:37.601360', 5, 1, 5);
INSERT INTO public."Classifications" (id, value, title, description, image, reference_audio, reference_spectrogram, source_id, created_at, updated_at, type, source, parent) VALUES (7, 'agariciidae', 'Agariciidae', null, null, null, null, null, '2020-05-23 11:22:37.823052', '2020-05-23 11:22:37.823052', 6, 1, 6);
INSERT INTO public."Classifications" (id, value, title, description, image, reference_audio, reference_spectrogram, source_id, created_at, updated_at, type, source, parent) VALUES (8, 'leptoseris', 'Leptoseris', null, null, null, null, null, '2020-05-23 11:22:38.037362', '2020-05-23 11:22:38.037362', 7, 1, 7);
INSERT INTO public."Classifications" (id, value, title, description, image, reference_audio, reference_spectrogram, source_id, created_at, updated_at, type, source, parent) VALUES (9, 'papyracea', 'Leptoseris papyracea', null, null, null, null, 9067, '2020-05-23 11:22:38.254496', '2020-05-23 11:22:38.254496', 8, 1, 8);
INSERT INTO public."Classifications" (id, value, title, description, image, reference_audio, reference_spectrogram, source_id, created_at, updated_at, type, source, parent) VALUES (11, 'chordata', 'Chordata', null, null, null, null, null, '2020-05-23 11:22:39.736827', '2020-05-23 11:22:39.736827', 3, 1, 3);
INSERT INTO public."Classifications" (id, value, title, description, image, reference_audio, reference_spectrogram, source_id, created_at, updated_at, type, source, parent) VALUES (12, 'mammalia', 'Mammalia', null, null, null, null, null, '2020-05-23 11:22:39.958109', '2020-05-23 11:22:39.958109', 4, 1, 11);
INSERT INTO public."Classifications" (id, value, title, description, image, reference_audio, reference_spectrogram, source_id, created_at, updated_at, type, source, parent) VALUES (13, 'carnivora', 'Carnivora', null, null, null, null, null, '2020-05-23 11:22:40.177522', '2020-05-23 11:22:40.177522', 5, 1, 12);
INSERT INTO public."Classifications" (id, value, title, description, image, reference_audio, reference_spectrogram, source_id, created_at, updated_at, type, source, parent) VALUES (14, 'felidae', 'Felidae', null, null, null, null, null, '2020-05-23 11:22:40.416872', '2020-05-23 11:22:40.416872', 6, 1, 13);
INSERT INTO public."Classifications" (id, value, title, description, image, reference_audio, reference_spectrogram, source_id, created_at, updated_at, type, source, parent) VALUES (15, 'felis', 'Felis', null, null, null, null, null, '2020-05-23 11:22:40.641626', '2020-05-23 11:22:40.641626', 7, 1, 14);
INSERT INTO public."Classifications" (id, value, title, description, image, reference_audio, reference_spectrogram, source_id, created_at, updated_at, type, source, parent) VALUES (16, 'chaus', 'Felis chaus', null, null, null, null, 9395, '2020-05-23 11:22:40.858658', '2020-05-23 11:22:40.858658', 8, 1, 15);
INSERT INTO public."Classifications" (id, value, title, description, image, reference_audio, reference_spectrogram, source_id, created_at, updated_at, type, source, parent) VALUES (22, 'pachyseris', 'Pachyseris', null, null, null, null, null, '2020-05-23 11:22:43.308989', '2020-05-23 11:22:43.308989', 7, 1, 7);
INSERT INTO public."Classifications" (id, value, title, description, image, reference_audio, reference_spectrogram, source_id, created_at, updated_at, type, source, parent) VALUES (23, 'speciosa', 'Pachyseris speciosa', null, null, null, null, 7999, '2020-05-23 11:22:43.528381', '2020-05-23 11:22:43.528381', 8, 1, 22);
INSERT INTO public."Classifications" (id, value, title, description, image, reference_audio, reference_spectrogram, source_id, created_at, updated_at, type, source, parent) VALUES (28, 'acroporidae', 'Acroporidae', null, null, null, null, null, '2020-05-23 11:22:45.417954', '2020-05-23 11:22:45.417954', 6, 1, 6);
INSERT INTO public."Classifications" (id, value, title, description, image, reference_audio, reference_spectrogram, source_id, created_at, updated_at, type, source, parent) VALUES (29, 'montipora', 'Montipora', null, null, null, null, null, '2020-05-23 11:22:45.639954', '2020-05-23 11:22:45.639954', 7, 1, 28);
INSERT INTO public."Classifications" (id, value, title, description, image, reference_audio, reference_spectrogram, source_id, created_at, updated_at, type, source, parent) VALUES (30, 'efflorescens', 'Montipora efflorescens', null, null, null, null, 3430, '2020-05-23 11:22:45.856514', '2020-05-23 11:22:45.856514', 8, 1, 29);
INSERT INTO public."Classifications" (id, value, title, description, image, reference_audio, reference_spectrogram, source_id, created_at, updated_at, type, source, parent) VALUES (33, 'reptilia', 'Reptilia', null, null, null, null, null, '2020-05-23 11:22:47.832296', '2020-05-23 11:22:47.832296', 4, 1, 11);
INSERT INTO public."Classifications" (id, value, title, description, image, reference_audio, reference_spectrogram, source_id, created_at, updated_at, type, source, parent) VALUES (34, 'testudines', 'Testudines', null, null, null, null, null, '2020-05-23 11:22:48.054126', '2020-05-23 11:22:48.054126', 5, 1, 33);
INSERT INTO public."Classifications" (id, value, title, description, image, reference_audio, reference_spectrogram, source_id, created_at, updated_at, type, source, parent) VALUES (35, 'trionychidae', 'Trionychidae', null, null, null, null, null, '2020-05-23 11:22:48.272966', '2020-05-23 11:22:48.272966', 6, 1, 34);
INSERT INTO public."Classifications" (id, value, title, description, image, reference_audio, reference_spectrogram, source_id, created_at, updated_at, type, source, parent) VALUES (36, 'pelochelys', 'Pelochelys', null, null, null, null, null, '2020-05-23 11:22:48.496834', '2020-05-23 11:22:48.496834', 7, 1, 35);
INSERT INTO public."Classifications" (id, value, title, description, image, reference_audio, reference_spectrogram, source_id, created_at, updated_at, type, source, parent) VALUES (37, 'cantorii', 'Pelochelys cantorii', null, null, null, null, 7022, '2020-05-23 11:22:48.718948', '2020-05-23 11:22:48.718948', 8, 1, 36);
INSERT INTO public."Classifications" (id, value, title, description, image, reference_audio, reference_spectrogram, source_id, created_at, updated_at, type, source, parent) VALUES (40, 'aves', 'Aves', null, null, null, null, null, '2020-05-23 11:22:50.056499', '2020-05-23 11:22:50.056499', 4, 1, 11);
INSERT INTO public."Classifications" (id, value, title, description, image, reference_audio, reference_spectrogram, source_id, created_at, updated_at, type, source, parent) VALUES (41, 'falconiformes', 'Falconiformes', null, null, null, null, null, '2020-05-23 11:22:50.278374', '2020-05-23 11:22:50.278374', 5, 1, 40);
INSERT INTO public."Classifications" (id, value, title, description, image, reference_audio, reference_spectrogram, source_id, created_at, updated_at, type, source, parent) VALUES (42, 'accipitridae', 'Accipitridae', null, null, null, null, null, '2020-05-23 11:22:50.491912', '2020-05-23 11:22:50.491912', 6, 1, 41);
INSERT INTO public."Classifications" (id, value, title, description, image, reference_audio, reference_spectrogram, source_id, created_at, updated_at, type, source, parent) VALUES (43, 'accipiter', 'Accipiter', null, null, null, null, null, '2020-05-23 11:22:50.713214', '2020-05-23 11:22:50.713214', 7, 1, 42);
INSERT INTO public."Classifications" (id, value, title, description, image, reference_audio, reference_spectrogram, source_id, created_at, updated_at, type, source, parent) VALUES (44, 'nisus', 'Accipiter nisus', null, null, null, null, 5629, '2020-05-23 11:22:50.933003', '2020-05-23 11:22:50.933003', 8, 1, 43);
INSERT INTO public."Classifications" (id, value, title, description, image, reference_audio, reference_spectrogram, source_id, created_at, updated_at, type, source, parent) VALUES (48, 'serpentes', 'Serpentes', null, null, null, null, null, '2020-05-23 11:22:53.016998', '2020-05-23 11:22:53.016998', 5, 1, 33);
INSERT INTO public."Classifications" (id, value, title, description, image, reference_audio, reference_spectrogram, source_id, created_at, updated_at, type, source, parent) VALUES (49, 'elapidae', 'Elapidae', null, null, null, null, null, '2020-05-23 11:22:53.237139', '2020-05-23 11:22:53.237139', 6, 1, 48);
INSERT INTO public."Classifications" (id, value, title, description, image, reference_audio, reference_spectrogram, source_id, created_at, updated_at, type, source, parent) VALUES (50, 'ophiophagus', 'Ophiophagus', null, null, null, null, null, '2020-05-23 11:22:53.458394', '2020-05-23 11:22:53.458394', 7, 1, 49);
INSERT INTO public."Classifications" (id, value, title, description, image, reference_audio, reference_spectrogram, source_id, created_at, updated_at, type, source, parent) VALUES (51, 'hannah', 'Ophiophagus hannah', null, null, null, null, 4751, '2020-05-23 11:22:53.688424', '2020-05-23 11:22:53.688424', 8, 1, 50);
INSERT INTO public."Classifications" (id, value, title, description, image, reference_audio, reference_spectrogram, source_id, created_at, updated_at, type, source, parent) VALUES (56, 'canidae', 'Canidae', null, null, null, null, null, '2020-05-23 11:22:55.967753', '2020-05-23 11:22:55.967753', 6, 1, 13);
INSERT INTO public."Classifications" (id, value, title, description, image, reference_audio, reference_spectrogram, source_id, created_at, updated_at, type, source, parent) VALUES (57, 'canis', 'Canis', null, null, null, null, null, '2020-05-23 11:22:56.185565', '2020-05-23 11:22:56.185565', 7, 1, 56);
INSERT INTO public."Classifications" (id, value, title, description, image, reference_audio, reference_spectrogram, source_id, created_at, updated_at, type, source, parent) VALUES (58, 'aureus', 'Canis aureus', null, null, null, null, 9412, '2020-05-23 11:22:56.405777', '2020-05-23 11:22:56.405777', 8, 1, 57);
INSERT INTO public."Classifications" (id, value, title, description, image, reference_audio, reference_spectrogram, source_id, created_at, updated_at, type, source, parent) VALUES (64, 'prionailurus', 'Prionailurus', null, null, null, null, null, '2020-05-23 11:22:58.911268', '2020-05-23 11:22:58.911268', 7, 1, 14);
INSERT INTO public."Classifications" (id, value, title, description, image, reference_audio, reference_spectrogram, source_id, created_at, updated_at, type, source, parent) VALUES (65, 'viverrinus', 'Prionailurus viverrinus', null, null, null, null, 8400, '2020-05-23 11:22:59.131931', '2020-05-23 11:22:59.131931', 8, 1, 64);
INSERT INTO public."Classifications" (id, value, title, description, image, reference_audio, reference_spectrogram, source_id, created_at, updated_at, type, source, parent) VALUES (70, 'faviidae', 'Faviidae', null, null, null, null, null, '2020-05-23 11:23:01.387748', '2020-05-23 11:23:01.387748', 6, 1, 6);
INSERT INTO public."Classifications" (id, value, title, description, image, reference_audio, reference_spectrogram, source_id, created_at, updated_at, type, source, parent) VALUES (71, 'platygyra', 'Platygyra', null, null, null, null, null, '2020-05-23 11:23:01.605689', '2020-05-23 11:23:01.605689', 7, 1, 70);
INSERT INTO public."Classifications" (id, value, title, description, image, reference_audio, reference_spectrogram, source_id, created_at, updated_at, type, source, parent) VALUES (72, 'sinensis', 'Platygyra sinensis', null, null, null, null, 9102, '2020-05-23 11:23:01.828195', '2020-05-23 11:23:01.828195', 8, 1, 71);
INSERT INTO public."Classifications" (id, value, title, description, image, reference_audio, reference_spectrogram, source_id, created_at, updated_at, type, source, parent) VALUES (74, 'arthropoda', 'Arthropoda', null, null, null, null, null, '2020-05-23 11:23:03.086046', '2020-05-23 11:23:03.086046', 3, 1, 3);
INSERT INTO public."Classifications" (id, value, title, description, image, reference_audio, reference_spectrogram, source_id, created_at, updated_at, type, source, parent) VALUES (75, 'insecta', 'Insecta', null, null, null, null, null, '2020-05-23 11:23:03.299805', '2020-05-23 11:23:03.299805', 4, 1, 74);
INSERT INTO public."Classifications" (id, value, title, description, image, reference_audio, reference_spectrogram, source_id, created_at, updated_at, type, source, parent) VALUES (76, 'lepidoptera', 'Lepidoptera', null, null, null, null, null, '2020-05-23 11:23:03.520789', '2020-05-23 11:23:03.520789', 5, 1, 75);
INSERT INTO public."Classifications" (id, value, title, description, image, reference_audio, reference_spectrogram, source_id, created_at, updated_at, type, source, parent) VALUES (77, 'papilionidae', 'Papilionidae', null, null, null, null, null, '2020-05-23 11:23:03.742504', '2020-05-23 11:23:03.742504', 6, 1, 76);
INSERT INTO public."Classifications" (id, value, title, description, image, reference_audio, reference_spectrogram, source_id, created_at, updated_at, type, source, parent) VALUES (78, 'bhutanitis', 'Bhutanitis', null, null, null, null, null, '2020-05-23 11:23:03.963547', '2020-05-23 11:23:03.963547', 7, 1, 77);
INSERT INTO public."Classifications" (id, value, title, description, image, reference_audio, reference_spectrogram, source_id, created_at, updated_at, type, source, parent) VALUES (79, 'lidderdalii', 'Bhutanitis lidderdalii', null, null, null, null, 9867, '2020-05-23 11:23:04.176709', '2020-05-23 11:23:04.176709', 8, 1, 78);
INSERT INTO public."Classifications" (id, value, title, description, image, reference_audio, reference_spectrogram, source_id, created_at, updated_at, type, source, parent) VALUES (83, 'coraciiformes', 'Coraciiformes', null, null, null, null, null, '2020-05-23 11:23:05.680373', '2020-05-23 11:23:05.680373', 5, 1, 40);
INSERT INTO public."Classifications" (id, value, title, description, image, reference_audio, reference_spectrogram, source_id, created_at, updated_at, type, source, parent) VALUES (84, 'bucerotidae', 'Bucerotidae', null, null, null, null, null, '2020-05-23 11:23:05.910308', '2020-05-23 11:23:05.910308', 6, 1, 83);
INSERT INTO public."Classifications" (id, value, title, description, image, reference_audio, reference_spectrogram, source_id, created_at, updated_at, type, source, parent) VALUES (85, 'aceros', 'Aceros', null, null, null, null, null, '2020-05-23 11:23:06.128726', '2020-05-23 11:23:06.128726', 7, 1, 84);
INSERT INTO public."Classifications" (id, value, title, description, image, reference_audio, reference_spectrogram, source_id, created_at, updated_at, type, source, parent) VALUES (86, 'corrugatus', 'Aceros corrugatus', null, null, null, null, 7704, '2020-05-23 11:23:06.349545', '2020-05-23 11:23:06.349545', 8, 1, 85);
INSERT INTO public."Classifications" (id, value, title, description, image, reference_audio, reference_spectrogram, source_id, created_at, updated_at, type, source, parent) VALUES (91, 'mussidae', 'Mussidae', null, null, null, null, null, '2020-05-23 11:23:07.971316', '2020-05-23 11:23:07.971316', 6, 1, 6);
INSERT INTO public."Classifications" (id, value, title, description, image, reference_audio, reference_spectrogram, source_id, created_at, updated_at, type, source, parent) VALUES (92, 'symphyllia', 'Symphyllia', null, null, null, null, null, '2020-05-23 11:23:08.191726', '2020-05-23 11:23:08.191726', 7, 1, 91);
INSERT INTO public."Classifications" (id, value, title, description, image, reference_audio, reference_spectrogram, source_id, created_at, updated_at, type, source, parent) VALUES (93, 'recta', 'Symphyllia recta', null, null, null, null, 3565, '2020-05-23 11:23:08.407848', '2020-05-23 11:23:08.407848', 8, 1, 92);
INSERT INTO public."Classifications" (id, value, title, description, image, reference_audio, reference_spectrogram, source_id, created_at, updated_at, type, source, parent) VALUES (97, 'strigiformes', 'Strigiformes', null, null, null, null, null, '2020-05-23 11:23:10.085515', '2020-05-23 11:23:10.085515', 5, 1, 40);
INSERT INTO public."Classifications" (id, value, title, description, image, reference_audio, reference_spectrogram, source_id, created_at, updated_at, type, source, parent) VALUES (98, 'strigidae', 'Strigidae', null, null, null, null, null, '2020-05-23 11:23:10.300829', '2020-05-23 11:23:10.300829', 6, 1, 97);
INSERT INTO public."Classifications" (id, value, title, description, image, reference_audio, reference_spectrogram, source_id, created_at, updated_at, type, source, parent) VALUES (99, 'ketupa', 'Ketupa', null, null, null, null, null, '2020-05-23 11:23:10.522214', '2020-05-23 11:23:10.522214', 7, 1, 98);
INSERT INTO public."Classifications" (id, value, title, description, image, reference_audio, reference_spectrogram, source_id, created_at, updated_at, type, source, parent) VALUES (100, 'zeylonensis', 'Ketupa zeylonensis', null, null, null, null, 8024, '2020-05-23 11:23:10.740887', '2020-05-23 11:23:10.740887', 8, 1, 99);
INSERT INTO public."Classifications" (id, value, title, description, image, reference_audio, reference_spectrogram, source_id, created_at, updated_at, type, source, parent) VALUES (104, 'primates', 'Primates', null, null, null, null, null, '2020-05-23 11:23:12.765192', '2020-05-23 11:23:12.765192', 5, 1, 12);
INSERT INTO public."Classifications" (id, value, title, description, image, reference_audio, reference_spectrogram, source_id, created_at, updated_at, type, source, parent) VALUES (105, 'cercopithecidae', 'Cercopithecidae', null, null, null, null, null, '2020-05-23 11:23:12.978683', '2020-05-23 11:23:12.978683', 6, 1, 104);
INSERT INTO public."Classifications" (id, value, title, description, image, reference_audio, reference_spectrogram, source_id, created_at, updated_at, type, source, parent) VALUES (106, 'trachypithecus', 'Trachypithecus', null, null, null, null, null, '2020-05-23 11:23:13.193725', '2020-05-23 11:23:13.193725', 7, 1, 105);
INSERT INTO public."Classifications" (id, value, title, description, image, reference_audio, reference_spectrogram, source_id, created_at, updated_at, type, source, parent) VALUES (107, 'germaini', 'Trachypithecus germaini', null, null, null, null, 11238, '2020-05-23 11:23:13.406947', '2020-05-23 11:23:13.406947', 8, 1, 106);
INSERT INTO public."Classifications" (id, value, title, description, image, reference_audio, reference_spectrogram, source_id, created_at, updated_at, type, source, parent) VALUES (110, 'elasmobranchii', 'Elasmobranchii', null, null, null, null, null, '2020-05-23 11:23:14.733540', '2020-05-23 11:23:14.733540', 4, 1, 11);
INSERT INTO public."Classifications" (id, value, title, description, image, reference_audio, reference_spectrogram, source_id, created_at, updated_at, type, source, parent) VALUES (111, 'myliobatiformes', 'Myliobatiformes', null, null, null, null, null, '2020-05-23 11:23:14.951084', '2020-05-23 11:23:14.951084', 5, 1, 110);
INSERT INTO public."Classifications" (id, value, title, description, image, reference_audio, reference_spectrogram, source_id, created_at, updated_at, type, source, parent) VALUES (112, 'myliobatidae', 'Myliobatidae', null, null, null, null, null, '2020-05-23 11:23:15.164199', '2020-05-23 11:23:15.164199', 6, 1, 111);
INSERT INTO public."Classifications" (id, value, title, description, image, reference_audio, reference_spectrogram, source_id, created_at, updated_at, type, source, parent) VALUES (113, 'mobula', 'Mobula', null, null, null, null, null, '2020-05-23 11:23:15.380770', '2020-05-23 11:23:15.380770', 7, 1, 112);
INSERT INTO public."Classifications" (id, value, title, description, image, reference_audio, reference_spectrogram, source_id, created_at, updated_at, type, source, parent) VALUES (114, 'eregoodootenkee', 'Mobula eregoodootenkee', null, null, null, null, 68411, '2020-05-23 11:23:15.594860', '2020-05-23 11:23:15.594860', 8, 1, 113);
INSERT INTO public."Classifications" (id, value, title, description, image, reference_audio, reference_spectrogram, source_id, created_at, updated_at, type, source, parent) VALUES (119, 'viverridae', 'Viverridae', null, null, null, null, null, '2020-05-23 11:23:17.222030', '2020-05-23 11:23:17.222030', 6, 1, 13);
INSERT INTO public."Classifications" (id, value, title, description, image, reference_audio, reference_spectrogram, source_id, created_at, updated_at, type, source, parent) VALUES (120, 'viverricula', 'Viverricula', null, null, null, null, null, '2020-05-23 11:23:17.446860', '2020-05-23 11:23:17.446860', 7, 1, 119);
INSERT INTO public."Classifications" (id, value, title, description, image, reference_audio, reference_spectrogram, source_id, created_at, updated_at, type, source, parent) VALUES (121, 'indica', 'Viverricula indica', null, null, null, null, 8845, '2020-05-23 11:23:17.667908', '2020-05-23 11:23:17.667908', 8, 1, 120);
INSERT INTO public."Classifications" (id, value, title, description, image, reference_audio, reference_spectrogram, source_id, created_at, updated_at, type, source, parent) VALUES (127, 'favia', 'Favia', null, null, null, null, null, '2020-05-23 11:23:19.560972', '2020-05-23 11:23:19.560972', 7, 1, 70);
INSERT INTO public."Classifications" (id, value, title, description, image, reference_audio, reference_spectrogram, source_id, created_at, updated_at, type, source, parent) VALUES (128, 'rotundata', 'Favia rotundata', null, null, null, null, 7803, '2020-05-23 11:23:19.785361', '2020-05-23 11:23:19.785361', 8, 1, 127);
INSERT INTO public."Classifications" (id, value, title, description, image, reference_audio, reference_spectrogram, source_id, created_at, updated_at, type, source, parent) VALUES (132, 'ciconiiformes', 'Ciconiiformes', null, null, null, null, null, '2020-05-23 11:23:21.015633', '2020-05-23 11:23:21.015633', 5, 1, 40);
INSERT INTO public."Classifications" (id, value, title, description, image, reference_audio, reference_spectrogram, source_id, created_at, updated_at, type, source, parent) VALUES (133, 'threskiornithidae', 'Threskiornithidae', null, null, null, null, null, '2020-05-23 11:23:21.237700', '2020-05-23 11:23:21.237700', 6, 1, 132);
INSERT INTO public."Classifications" (id, value, title, description, image, reference_audio, reference_spectrogram, source_id, created_at, updated_at, type, source, parent) VALUES (134, 'platalea', 'Platalea', null, null, null, null, null, '2020-05-23 11:23:21.456209', '2020-05-23 11:23:21.456209', 7, 1, 133);
INSERT INTO public."Classifications" (id, value, title, description, image, reference_audio, reference_spectrogram, source_id, created_at, updated_at, type, source, parent) VALUES (135, 'leucorodia', 'Platalea leucorodia', null, null, null, null, 8745, '2020-05-23 11:23:21.677829', '2020-05-23 11:23:21.677829', 8, 1, 134);
INSERT INTO public."Classifications" (id, value, title, description, image, reference_audio, reference_spectrogram, source_id, created_at, updated_at, type, source, parent) VALUES (141, 'hemigalus', 'Hemigalus', null, null, null, null, null, '2020-05-23 11:23:24.225278', '2020-05-23 11:23:24.225278', 7, 1, 119);
INSERT INTO public."Classifications" (id, value, title, description, image, reference_audio, reference_spectrogram, source_id, created_at, updated_at, type, source, parent) VALUES (142, 'derbyanus', 'Hemigalus derbyanus', null, null, null, null, 6327, '2020-05-23 11:23:24.453688', '2020-05-23 11:23:24.453688', 8, 1, 141);
INSERT INTO public."Classifications" (id, value, title, description, image, reference_audio, reference_spectrogram, source_id, created_at, updated_at, type, source, parent) VALUES (155, 'spilornis', 'Spilornis', null, null, null, null, null, '2020-05-23 11:23:28.258136', '2020-05-23 11:23:28.258136', 7, 1, 42);
INSERT INTO public."Classifications" (id, value, title, description, image, reference_audio, reference_spectrogram, source_id, created_at, updated_at, type, source, parent) VALUES (156, 'cheela', 'Spilornis cheela', null, null, null, null, 9540, '2020-05-23 11:23:28.476877', '2020-05-23 11:23:28.476877', 8, 1, 155);
INSERT INTO public."Classifications" (id, value, title, description, image, reference_audio, reference_spectrogram, source_id, created_at, updated_at, type, source, parent) VALUES (163, 'favus', 'Favia favus', null, null, null, null, 3329, '2020-05-23 11:23:30.665986', '2020-05-23 11:23:30.665986', 8, 1, 127);
INSERT INTO public."Classifications" (id, value, title, description, image, reference_audio, reference_spectrogram, source_id, created_at, updated_at, type, source, parent) VALUES (169, 'goniastrea', 'Goniastrea', null, null, null, null, null, '2020-05-23 11:23:32.850031', '2020-05-23 11:23:32.850031', 7, 1, 70);
INSERT INTO public."Classifications" (id, value, title, description, image, reference_audio, reference_spectrogram, source_id, created_at, updated_at, type, source, parent) VALUES (170, 'pectinata', 'Goniastrea pectinata', null, null, null, null, 11270, '2020-05-23 11:23:33.074414', '2020-05-23 11:23:33.074414', 8, 1, 169);
INSERT INTO public."Classifications" (id, value, title, description, image, reference_audio, reference_spectrogram, source_id, created_at, updated_at, type, source, parent) VALUES (176, 'haliaeetus', 'Haliaeetus', null, null, null, null, null, '2020-05-23 11:23:35.198509', '2020-05-23 11:23:35.198509', 7, 1, 42);
INSERT INTO public."Classifications" (id, value, title, description, image, reference_audio, reference_spectrogram, source_id, created_at, updated_at, type, source, parent) VALUES (177, 'albicilla', 'Haliaeetus albicilla', null, null, null, null, 10804, '2020-05-23 11:23:35.418696', '2020-05-23 11:23:35.418696', 8, 1, 176);
INSERT INTO public."Classifications" (id, value, title, description, image, reference_audio, reference_spectrogram, source_id, created_at, updated_at, type, source, parent) VALUES (183, 'barabattoia', 'Barabattoia', null, null, null, null, null, '2020-05-23 11:23:38.180441', '2020-05-23 11:23:38.180441', 7, 1, 70);
INSERT INTO public."Classifications" (id, value, title, description, image, reference_audio, reference_spectrogram, source_id, created_at, updated_at, type, source, parent) VALUES (184, 'amicorum', 'Barabattoia amicorum', null, null, null, null, 3028, '2020-05-23 11:23:38.427222', '2020-05-23 11:23:38.427222', 8, 1, 183);
INSERT INTO public."Classifications" (id, value, title, description, image, reference_audio, reference_spectrogram, source_id, created_at, updated_at, type, source, parent) VALUES (198, 'verrucosa', 'Montipora verrucosa', null, null, null, null, 4540, '2020-05-23 11:23:42.765199', '2020-05-23 11:23:42.765199', 8, 1, 29);
INSERT INTO public."Classifications" (id, value, title, description, image, reference_audio, reference_spectrogram, source_id, created_at, updated_at, type, source, parent) VALUES (203, 'geoemydidae', 'Geoemydidae', null, null, null, null, null, '2020-05-23 11:23:44.716623', '2020-05-23 11:23:44.716623', 6, 1, 34);
INSERT INTO public."Classifications" (id, value, title, description, image, reference_audio, reference_spectrogram, source_id, created_at, updated_at, type, source, parent) VALUES (204, 'batagur', 'Batagur', null, null, null, null, null, '2020-05-23 11:23:44.941231', '2020-05-23 11:23:44.941231', 7, 1, 203);
INSERT INTO public."Classifications" (id, value, title, description, image, reference_audio, reference_spectrogram, source_id, created_at, updated_at, type, source, parent) VALUES (205, 'baska', 'Batagur baska', null, null, null, null, 10403, '2020-05-23 11:23:45.187795', '2020-05-23 11:23:45.187795', 8, 1, 204);
INSERT INTO public."Classifications" (id, value, title, description, image, reference_audio, reference_spectrogram, source_id, created_at, updated_at, type, source, parent) VALUES (211, 'otus', 'Otus', null, null, null, null, null, '2020-05-23 11:23:47.630057', '2020-05-23 11:23:47.630057', 7, 1, 98);
INSERT INTO public."Classifications" (id, value, title, description, image, reference_audio, reference_spectrogram, source_id, created_at, updated_at, type, source, parent) VALUES (212, 'bakkamoena', 'Otus bakkamoena', null, null, null, null, 10487, '2020-05-23 11:23:47.890592', '2020-05-23 11:23:47.890592', 8, 1, 211);
INSERT INTO public."Classifications" (id, value, title, description, image, reference_audio, reference_spectrogram, source_id, created_at, updated_at, type, source, parent) VALUES (218, 'gyps', 'Gyps', null, null, null, null, null, '2020-05-23 11:23:50.038030', '2020-05-23 11:23:50.038030', 7, 1, 42);
INSERT INTO public."Classifications" (id, value, title, description, image, reference_audio, reference_spectrogram, source_id, created_at, updated_at, type, source, parent) VALUES (219, 'tenuirostris', 'Gyps tenuirostris', null, null, null, null, 10372, '2020-05-23 11:23:50.259544', '2020-05-23 11:23:50.259544', 8, 1, 218);
INSERT INTO public."Classifications" (id, value, title, description, image, reference_audio, reference_spectrogram, source_id, created_at, updated_at, type, source, parent) VALUES (223, 'pholidota', 'Pholidota', null, null, null, null, null, '2020-05-23 11:23:52.028340', '2020-05-23 11:23:52.028340', 5, 1, 12);
INSERT INTO public."Classifications" (id, value, title, description, image, reference_audio, reference_spectrogram, source_id, created_at, updated_at, type, source, parent) VALUES (224, 'manidae', 'Manidae', null, null, null, null, null, '2020-05-23 11:23:52.246193', '2020-05-23 11:23:52.246193', 6, 1, 223);
INSERT INTO public."Classifications" (id, value, title, description, image, reference_audio, reference_spectrogram, source_id, created_at, updated_at, type, source, parent) VALUES (225, 'manis', 'Manis', null, null, null, null, null, '2020-05-23 11:23:52.467754', '2020-05-23 11:23:52.467754', 7, 1, 224);
INSERT INTO public."Classifications" (id, value, title, description, image, reference_audio, reference_spectrogram, source_id, created_at, updated_at, type, source, parent) VALUES (226, 'javanica', 'Manis javanica', null, null, null, null, 5034, '2020-05-23 11:23:52.688100', '2020-05-23 11:23:52.688100', 8, 1, 225);
INSERT INTO public."Classifications" (id, value, title, description, image, reference_audio, reference_spectrogram, source_id, created_at, updated_at, type, source, parent) VALUES (230, 'orectolobiformes', 'Orectolobiformes', null, null, null, null, null, '2020-05-23 11:23:54.571013', '2020-05-23 11:23:54.571013', 5, 1, 110);
INSERT INTO public."Classifications" (id, value, title, description, image, reference_audio, reference_spectrogram, source_id, created_at, updated_at, type, source, parent) VALUES (231, 'rhincodontidae', 'Rhincodontidae', null, null, null, null, null, '2020-05-23 11:23:54.797964', '2020-05-23 11:23:54.797964', 6, 1, 230);
INSERT INTO public."Classifications" (id, value, title, description, image, reference_audio, reference_spectrogram, source_id, created_at, updated_at, type, source, parent) VALUES (232, 'rhincodon', 'Rhincodon', null, null, null, null, null, '2020-05-23 11:23:55.019870', '2020-05-23 11:23:55.019870', 7, 1, 231);
INSERT INTO public."Classifications" (id, value, title, description, image, reference_audio, reference_spectrogram, source_id, created_at, updated_at, type, source, parent) VALUES (233, 'typus', 'Rhincodon typus', null, null, null, null, 6257, '2020-05-23 11:23:55.207622', '2020-05-23 11:23:55.207622', 8, 1, 232);
INSERT INTO public."Classifications" (id, value, title, description, image, reference_audio, reference_spectrogram, source_id, created_at, updated_at, type, source, parent) VALUES (238, 'fungiidae', 'Fungiidae', null, null, null, null, null, '2020-05-23 11:23:57.070884', '2020-05-23 11:23:57.070884', 6, 1, 6);
INSERT INTO public."Classifications" (id, value, title, description, image, reference_audio, reference_spectrogram, source_id, created_at, updated_at, type, source, parent) VALUES (239, 'fungia', 'Fungia', null, null, null, null, null, '2020-05-23 11:23:57.292077', '2020-05-23 11:23:57.292077', 7, 1, 238);
INSERT INTO public."Classifications" (id, value, title, description, image, reference_audio, reference_spectrogram, source_id, created_at, updated_at, type, source, parent) VALUES (240, 'cyclolites', 'Fungia cyclolites', null, null, null, null, 4012, '2020-05-23 11:23:57.513292', '2020-05-23 11:23:57.513292', 8, 1, 239);
INSERT INTO public."Classifications" (id, value, title, description, image, reference_audio, reference_spectrogram, source_id, created_at, updated_at, type, source, parent) VALUES (243, 'actinopteri', 'Actinopteri', null, null, null, null, null, '2020-05-23 11:23:59.856394', '2020-05-23 11:23:59.856394', 4, 1, 11);
INSERT INTO public."Classifications" (id, value, title, description, image, reference_audio, reference_spectrogram, source_id, created_at, updated_at, type, source, parent) VALUES (244, 'siluriformes', 'Siluriformes', null, null, null, null, null, '2020-05-23 11:24:00.077996', '2020-05-23 11:24:00.077996', 5, 1, 243);
INSERT INTO public."Classifications" (id, value, title, description, image, reference_audio, reference_spectrogram, source_id, created_at, updated_at, type, source, parent) VALUES (245, 'pangasiidae', 'Pangasiidae', null, null, null, null, null, '2020-05-23 11:24:00.298647', '2020-05-23 11:24:00.298647', 6, 1, 244);
INSERT INTO public."Classifications" (id, value, title, description, image, reference_audio, reference_spectrogram, source_id, created_at, updated_at, type, source, parent) VALUES (246, 'pangasianodon', 'Pangasianodon', null, null, null, null, null, '2020-05-23 11:24:00.516395', '2020-05-23 11:24:00.516395', 7, 1, 245);
INSERT INTO public."Classifications" (id, value, title, description, image, reference_audio, reference_spectrogram, source_id, created_at, updated_at, type, source, parent) VALUES (247, 'gigas', 'Pangasianodon gigas', null, null, null, null, 5186, '2020-05-23 11:24:00.732557', '2020-05-23 11:24:00.732557', 8, 1, 246);
INSERT INTO public."Classifications" (id, value, title, description, image, reference_audio, reference_spectrogram, source_id, created_at, updated_at, type, source, parent) VALUES (254, 'pentadactyla', 'Manis pentadactyla', null, null, null, null, 5373, '2020-05-23 11:24:02.660658', '2020-05-23 11:24:02.660658', 8, 1, 225);
INSERT INTO public."Classifications" (id, value, title, description, image, reference_audio, reference_spectrogram, source_id, created_at, updated_at, type, source, parent) VALUES (261, 'monasteriata', 'Montipora monasteriata', null, null, null, null, 8168, '2020-05-23 11:24:05.027219', '2020-05-23 11:24:05.027219', 8, 1, 29);
INSERT INTO public."Classifications" (id, value, title, description, image, reference_audio, reference_spectrogram, source_id, created_at, updated_at, type, source, parent) VALUES (265, 'crocodylia', 'Crocodylia', null, null, null, null, null, '2020-05-23 11:24:06.668161', '2020-05-23 11:24:06.668161', 5, 1, 33);
INSERT INTO public."Classifications" (id, value, title, description, image, reference_audio, reference_spectrogram, source_id, created_at, updated_at, type, source, parent) VALUES (266, 'crocodylidae', 'Crocodylidae', null, null, null, null, null, '2020-05-23 11:24:06.887081', '2020-05-23 11:24:06.887081', 6, 1, 265);
INSERT INTO public."Classifications" (id, value, title, description, image, reference_audio, reference_spectrogram, source_id, created_at, updated_at, type, source, parent) VALUES (267, 'crocodylus', 'Crocodylus', null, null, null, null, null, '2020-05-23 11:24:07.106167', '2020-05-23 11:24:07.106167', 7, 1, 266);
INSERT INTO public."Classifications" (id, value, title, description, image, reference_audio, reference_spectrogram, source_id, created_at, updated_at, type, source, parent) VALUES (268, 'porosus', 'Crocodylus porosus', null, null, null, null, 8560, '2020-05-23 11:24:07.322720', '2020-05-23 11:24:07.322720', 8, 1, 267);
INSERT INTO public."Classifications" (id, value, title, description, image, reference_audio, reference_spectrogram, source_id, created_at, updated_at, type, source, parent) VALUES (274, 'panthera', 'Panthera', null, null, null, null, null, '2020-05-23 11:24:09.354092', '2020-05-23 11:24:09.354092', 7, 1, 14);
INSERT INTO public."Classifications" (id, value, title, description, image, reference_audio, reference_spectrogram, source_id, created_at, updated_at, type, source, parent) VALUES (275, 'tigris', 'Panthera tigris', null, null, null, null, 6047, '2020-05-23 11:24:09.574341', '2020-05-23 11:24:09.574341', 8, 1, 274);
INSERT INTO public."Classifications" (id, value, title, description, image, reference_audio, reference_spectrogram, source_id, created_at, updated_at, type, source, parent) VALUES (279, 'cetacea', 'Cetacea', null, null, null, null, null, '2020-05-23 11:24:11.555741', '2020-05-23 11:24:11.555741', 5, 1, 12);
INSERT INTO public."Classifications" (id, value, title, description, image, reference_audio, reference_spectrogram, source_id, created_at, updated_at, type, source, parent) VALUES (280, 'delphinidae', 'Delphinidae', null, null, null, null, null, '2020-05-23 11:24:11.778917', '2020-05-23 11:24:11.778917', 6, 1, 279);
INSERT INTO public."Classifications" (id, value, title, description, image, reference_audio, reference_spectrogram, source_id, created_at, updated_at, type, source, parent) VALUES (281, 'stenella', 'Stenella', null, null, null, null, null, '2020-05-23 11:24:12.008189', '2020-05-23 11:24:12.008189', 7, 1, 280);
INSERT INTO public."Classifications" (id, value, title, description, image, reference_audio, reference_spectrogram, source_id, created_at, updated_at, type, source, parent) VALUES (282, 'attenuata', 'Stenella attenuata', null, null, null, null, 8989, '2020-05-23 11:24:12.620247', '2020-05-23 11:24:12.620247', 8, 1, 281);
INSERT INTO public."Classifications" (id, value, title, description, image, reference_audio, reference_spectrogram, source_id, created_at, updated_at, type, source, parent) VALUES (289, 'hispida', 'Montipora hispida', null, null, null, null, 5997, '2020-05-23 11:24:14.875930', '2020-05-23 11:24:14.875930', 8, 1, 29);
INSERT INTO public."Classifications" (id, value, title, description, image, reference_audio, reference_spectrogram, source_id, created_at, updated_at, type, source, parent) VALUES (294, 'pocilloporidae', 'Pocilloporidae', null, null, null, null, null, '2020-05-23 11:24:16.479079', '2020-05-23 11:24:16.479079', 6, 1, 6);
INSERT INTO public."Classifications" (id, value, title, description, image, reference_audio, reference_spectrogram, source_id, created_at, updated_at, type, source, parent) VALUES (295, 'pocillopora', 'Pocillopora', null, null, null, null, null, '2020-05-23 11:24:16.697976', '2020-05-23 11:24:16.697976', 7, 1, 294);
INSERT INTO public."Classifications" (id, value, title, description, image, reference_audio, reference_spectrogram, source_id, created_at, updated_at, type, source, parent) VALUES (296, 'damicornis', 'Pocillopora damicornis', null, null, null, null, 6043, '2020-05-23 11:24:16.915529', '2020-05-23 11:24:16.915529', 8, 1, 295);
INSERT INTO public."Classifications" (id, value, title, description, image, reference_audio, reference_spectrogram, source_id, created_at, updated_at, type, source, parent) VALUES (303, 'obscurus', 'Trachypithecus obscurus', null, null, null, null, 10564, '2020-05-23 11:24:18.841160', '2020-05-23 11:24:18.841160', 8, 1, 106);
INSERT INTO public."Classifications" (id, value, title, description, image, reference_audio, reference_spectrogram, source_id, created_at, updated_at, type, source, parent) VALUES (309, 'acropora', 'Acropora', null, null, null, null, null, '2020-05-23 11:24:20.834343', '2020-05-23 11:24:20.834343', 7, 1, 28);
INSERT INTO public."Classifications" (id, value, title, description, image, reference_audio, reference_spectrogram, source_id, created_at, updated_at, type, source, parent) VALUES (310, 'florida', 'Acropora florida', null, null, null, null, 4389, '2020-05-23 11:24:21.050550', '2020-05-23 11:24:21.050550', 8, 1, 309);
INSERT INTO public."Classifications" (id, value, title, description, image, reference_audio, reference_spectrogram, source_id, created_at, updated_at, type, source, parent) VALUES (317, 'dendrum', 'Acropora dendrum', null, null, null, null, 6001, '2020-05-23 11:24:23.584352', '2020-05-23 11:24:23.584352', 8, 1, 309);
INSERT INTO public."Classifications" (id, value, title, description, image, reference_audio, reference_spectrogram, source_id, created_at, updated_at, type, source, parent) VALUES (323, 'macheiramphus', 'Macheiramphus', null, null, null, null, null, '2020-05-23 11:24:26.222503', '2020-05-23 11:24:26.222503', 7, 1, 42);
INSERT INTO public."Classifications" (id, value, title, description, image, reference_audio, reference_spectrogram, source_id, created_at, updated_at, type, source, parent) VALUES (324, 'alcinus', 'Macheiramphus alcinus', null, null, null, null, 7027, '2020-05-23 11:24:26.446214', '2020-05-23 11:24:26.446214', 8, 1, 323);
INSERT INTO public."Classifications" (id, value, title, description, image, reference_audio, reference_spectrogram, source_id, created_at, updated_at, type, source, parent) VALUES (331, 'longicyathus', 'Acropora longicyathus', null, null, null, null, 3146, '2020-05-23 11:24:29.249615', '2020-05-23 11:24:29.249615', 8, 1, 309);
INSERT INTO public."Classifications" (id, value, title, description, image, reference_audio, reference_spectrogram, source_id, created_at, updated_at, type, source, parent) VALUES (338, 'coeruleoalba', 'Stenella coeruleoalba', null, null, null, null, 10064, '2020-05-23 11:24:32.245345', '2020-05-23 11:24:32.245345', 8, 1, 281);
INSERT INTO public."Classifications" (id, value, title, description, image, reference_audio, reference_spectrogram, source_id, created_at, updated_at, type, source, parent) VALUES (344, 'cynogale', 'Cynogale', null, null, null, null, null, '2020-05-23 11:24:34.566096', '2020-05-23 11:24:34.566096', 7, 1, 119);
INSERT INTO public."Classifications" (id, value, title, description, image, reference_audio, reference_spectrogram, source_id, created_at, updated_at, type, source, parent) VALUES (345, 'bennettii', 'Cynogale bennettii', null, null, null, null, 10884, '2020-05-23 11:24:34.784258', '2020-05-23 11:24:34.784258', 8, 1, 344);
INSERT INTO public."Classifications" (id, value, title, description, image, reference_audio, reference_spectrogram, source_id, created_at, updated_at, type, source, parent) VALUES (350, 'poritidae', 'Poritidae', null, null, null, null, null, '2020-05-23 11:24:36.668656', '2020-05-23 11:24:36.668656', 6, 1, 6);
INSERT INTO public."Classifications" (id, value, title, description, image, reference_audio, reference_spectrogram, source_id, created_at, updated_at, type, source, parent) VALUES (351, 'goniopora', 'Goniopora', null, null, null, null, null, '2020-05-23 11:24:36.900752', '2020-05-23 11:24:36.900752', 7, 1, 350);
INSERT INTO public."Classifications" (id, value, title, description, image, reference_audio, reference_spectrogram, source_id, created_at, updated_at, type, source, parent) VALUES (352, 'tenuidens', 'Goniopora tenuidens', null, null, null, null, 3278, '2020-05-23 11:24:37.121027', '2020-05-23 11:24:37.121027', 8, 1, 351);
INSERT INTO public."Classifications" (id, value, title, description, image, reference_audio, reference_spectrogram, source_external_id, created_at, updated_at, type, source, parent) VALUES (353, 'attenuata_whistle', 'Whistle', null, null, null, null, null, '2020-05-23 11:24:12.620247', '2020-05-23 11:24:12.620247', 10, 2, 282);
INSERT INTO public."Classifications" (id, value, title, description, image, reference_audio, reference_spectrogram, source_external_id, created_at, updated_at, type, source, parent) VALUES (354, 'attenuata_squeak', 'Squeak', null, null, null, null, null, '2020-05-23 11:24:12.620247', '2020-05-23 11:24:12.620247', 10, 2, 282);
INSERT INTO public."Classifications" (id, value, title, description, image, reference_audio, reference_spectrogram, source_external_id, created_at, updated_at, type, source, parent) VALUES (355, 'attenuata_moan', 'Moan', null, null, null, null, null, '2020-05-23 11:24:12.620247', '2020-05-23 11:24:12.620247', 10, 2, 282);

INSERT INTO public."SpeciesNames" (id, name, rank, created_at, updated_at, species, language) VALUES (1, 'Reed Cat', 3, '2020-05-23 11:22:41.072287', '2020-05-23 11:22:41.072287', 16, 'en_US');
INSERT INTO public."SpeciesNames" (id, name, rank, created_at, updated_at, species, language) VALUES (2, 'Swamp Cat', 2, '2020-05-23 11:22:42.205912', '2020-05-23 11:22:42.205912', 16, 'en_US');
INSERT INTO public."SpeciesNames" (id, name, rank, created_at, updated_at, species, language) VALUES (3, 'Jungle Cat', 1, '2020-05-23 11:22:42.213957', '2020-05-23 11:22:42.213957', 16, 'en_US');
INSERT INTO public."SpeciesNames" (id, name, rank, created_at, updated_at, species, language) VALUES (4, 'Phonograph Coral', 1, '2020-05-23 11:22:43.747338', '2020-05-23 11:22:43.747338', 23, 'en_US');
INSERT INTO public."SpeciesNames" (id, name, rank, created_at, updated_at, species, language) VALUES (5, 'Cantor''s Giant Softshell Turtle', 5, '2020-05-23 11:22:48.934069', '2020-05-23 11:22:48.934069', 37, 'en_US');
INSERT INTO public."SpeciesNames" (id, name, rank, created_at, updated_at, species, language) VALUES (6, 'Frog-faced Giant Softshell Turtle', 4, '2020-05-23 11:22:49.600148', '2020-05-23 11:22:49.600148', 37, 'en_US');
INSERT INTO public."SpeciesNames" (id, name, rank, created_at, updated_at, species, language) VALUES (7, 'Asian Giant Softshell Turtle', 3, '2020-05-23 11:22:49.609504', '2020-05-23 11:22:49.609504', 37, 'en_US');
INSERT INTO public."SpeciesNames" (id, name, rank, created_at, updated_at, species, language) VALUES (8, 'Frog-faced softshell turtle', 2, '2020-05-23 11:22:49.615846', '2020-05-23 11:22:49.615846', 37, 'en_US');
INSERT INTO public."SpeciesNames" (id, name, rank, created_at, updated_at, species, language) VALUES (9, 'Cantor''s giant softshell', 1, '2020-05-23 11:22:49.623730', '2020-05-23 11:22:49.623730', 37, 'en_US');
INSERT INTO public."SpeciesNames" (id, name, rank, created_at, updated_at, species, language) VALUES (10, 'Eurasian Sparrowhawk', 3, '2020-05-23 11:22:51.150488', '2020-05-23 11:22:51.150488', 44, 'en_US');
INSERT INTO public."SpeciesNames" (id, name, rank, created_at, updated_at, species, language) VALUES (11, 'Sparrowhawk', 2, '2020-05-23 11:22:52.350998', '2020-05-23 11:22:52.350998', 44, 'en_US');
INSERT INTO public."SpeciesNames" (id, name, rank, created_at, updated_at, species, language) VALUES (12, 'European sparrowhawk', 1, '2020-05-23 11:22:52.359788', '2020-05-23 11:22:52.359788', 44, 'en_US');
INSERT INTO public."SpeciesNames" (id, name, rank, created_at, updated_at, species, language) VALUES (13, 'King Cobra', 2, '2020-05-23 11:22:53.904464', '2020-05-23 11:22:53.904464', 51, 'en_US');
INSERT INTO public."SpeciesNames" (id, name, rank, created_at, updated_at, species, language) VALUES (14, 'Hamadryad', 1, '2020-05-23 11:22:55.124059', '2020-05-23 11:22:55.124059', 51, 'en_US');
INSERT INTO public."SpeciesNames" (id, name, rank, created_at, updated_at, species, language) VALUES (15, 'Eurasian golden jackal', 3, '2020-05-23 11:22:56.622149', '2020-05-23 11:22:56.622149', 58, 'en_US');
INSERT INTO public."SpeciesNames" (id, name, rank, created_at, updated_at, species, language) VALUES (16, 'Common Jackal', 2, '2020-05-23 11:22:57.823990', '2020-05-23 11:22:57.823990', 58, 'en_US');
INSERT INTO public."SpeciesNames" (id, name, rank, created_at, updated_at, species, language) VALUES (17, 'Golden Jackal', 1, '2020-05-23 11:22:57.836248', '2020-05-23 11:22:57.836248', 58, 'en_US');
INSERT INTO public."SpeciesNames" (id, name, rank, created_at, updated_at, species, language) VALUES (18, 'Fishing Cat', 1, '2020-05-23 11:22:59.351312', '2020-05-23 11:22:59.351312', 65, 'en_US');
INSERT INTO public."SpeciesNames" (id, name, rank, created_at, updated_at, species, language) VALUES (19, 'Bhutan Glory', 1, '2020-05-23 11:23:04.395394', '2020-05-23 11:23:04.395394', 79, 'en_US');
INSERT INTO public."SpeciesNames" (id, name, rank, created_at, updated_at, species, language) VALUES (20, 'Sunda Wrinkled Hornbill', 2, '2020-05-23 11:23:06.566633', '2020-05-23 11:23:06.566633', 86, 'en_US');
INSERT INTO public."SpeciesNames" (id, name, rank, created_at, updated_at, species, language) VALUES (21, 'Wrinkled Hornbill', 1, '2020-05-23 11:23:07.090968', '2020-05-23 11:23:07.090968', 86, 'en_US');
INSERT INTO public."SpeciesNames" (id, name, rank, created_at, updated_at, species, language) VALUES (22, 'Brown Fish-Owl', 2, '2020-05-23 11:23:10.954489', '2020-05-23 11:23:10.954489', 100, 'en_US');
INSERT INTO public."SpeciesNames" (id, name, rank, created_at, updated_at, species, language) VALUES (23, 'Brown fish owl', 1, '2020-05-23 11:23:12.108337', '2020-05-23 11:23:12.108337', 100, 'en_US');
INSERT INTO public."SpeciesNames" (id, name, rank, created_at, updated_at, species, language) VALUES (24, 'Indochinese Lutung', 5, '2020-05-23 11:23:13.621520', '2020-05-23 11:23:13.621520', 107, 'en_US');
INSERT INTO public."SpeciesNames" (id, name, rank, created_at, updated_at, species, language) VALUES (25, 'Indochinese Leaf Monkey', 4, '2020-05-23 11:23:14.261084', '2020-05-23 11:23:14.261084', 107, 'en_US');
INSERT INTO public."SpeciesNames" (id, name, rank, created_at, updated_at, species, language) VALUES (26, 'Germain''s langur', 3, '2020-05-23 11:23:14.271868', '2020-05-23 11:23:14.271868', 107, 'en_US');
INSERT INTO public."SpeciesNames" (id, name, rank, created_at, updated_at, species, language) VALUES (27, 'Indochinese silvered langur', 2, '2020-05-23 11:23:14.282175', '2020-05-23 11:23:14.282175', 107, 'en_US');
INSERT INTO public."SpeciesNames" (id, name, rank, created_at, updated_at, species, language) VALUES (28, 'Germain''s silver langur', 1, '2020-05-23 11:23:14.292341', '2020-05-23 11:23:14.292341', 107, 'en_US');
INSERT INTO public."SpeciesNames" (id, name, rank, created_at, updated_at, species, language) VALUES (29, 'Pygmy devilray', 2, '2020-05-23 11:23:15.811568', '2020-05-23 11:23:15.811568', 114, 'en_US');
INSERT INTO public."SpeciesNames" (id, name, rank, created_at, updated_at, species, language) VALUES (30, 'Longhorned pygmy devil ray', 1, '2020-05-23 11:23:16.334695', '2020-05-23 11:23:16.334695', 114, 'en_US');
INSERT INTO public."SpeciesNames" (id, name, rank, created_at, updated_at, species, language) VALUES (31, 'Oriental civet', 2, '2020-05-23 11:23:17.889204', '2020-05-23 11:23:17.889204', 121, 'en_US');
INSERT INTO public."SpeciesNames" (id, name, rank, created_at, updated_at, species, language) VALUES (32, 'Small Indian Civet', 1, '2020-05-23 11:23:18.436213', '2020-05-23 11:23:18.436213', 121, 'en_US');
INSERT INTO public."SpeciesNames" (id, name, rank, created_at, updated_at, species, language) VALUES (33, 'Spoonbill', 4, '2020-05-23 11:23:21.893284', '2020-05-23 11:23:21.893284', 135, 'en_US');
INSERT INTO public."SpeciesNames" (id, name, rank, created_at, updated_at, species, language) VALUES (34, 'European spoonbill', 3, '2020-05-23 11:23:23.080586', '2020-05-23 11:23:23.080586', 135, 'en_US');
INSERT INTO public."SpeciesNames" (id, name, rank, created_at, updated_at, species, language) VALUES (35, 'Eurasian Spoonbill', 2, '2020-05-23 11:23:23.091605', '2020-05-23 11:23:23.091605', 135, 'en_US');
INSERT INTO public."SpeciesNames" (id, name, rank, created_at, updated_at, species, language) VALUES (36, 'White Spoonbill', 1, '2020-05-23 11:23:23.099379', '2020-05-23 11:23:23.099379', 135, 'en_US');
INSERT INTO public."SpeciesNames" (id, name, rank, created_at, updated_at, species, language) VALUES (37, 'Banded Musang', 4, '2020-05-23 11:23:24.669745', '2020-05-23 11:23:24.669745', 142, 'en_US');
INSERT INTO public."SpeciesNames" (id, name, rank, created_at, updated_at, species, language) VALUES (38, 'Hardwick''s Civet', 3, '2020-05-23 11:23:25.200466', '2020-05-23 11:23:25.200466', 142, 'en_US');
INSERT INTO public."SpeciesNames" (id, name, rank, created_at, updated_at, species, language) VALUES (39, 'Banded Palm Civet', 2, '2020-05-23 11:23:25.209535', '2020-05-23 11:23:25.209535', 142, 'en_US');
INSERT INTO public."SpeciesNames" (id, name, rank, created_at, updated_at, species, language) VALUES (40, 'Banded civet', 1, '2020-05-23 11:23:25.218236', '2020-05-23 11:23:25.218236', 142, 'en_US');
INSERT INTO public."SpeciesNames" (id, name, rank, created_at, updated_at, species, language) VALUES (46, 'Crested serpent eagle', 7, '2020-05-23 11:23:28.691795', '2020-05-23 11:23:28.691795', 156, 'en_US');
INSERT INTO public."SpeciesNames" (id, name, rank, created_at, updated_at, species, language) VALUES (47, 'Ryukyu Serpent-Eagle', 6, '2020-05-23 11:23:29.300396', '2020-05-23 11:23:29.300396', 156, 'en_US');
INSERT INTO public."SpeciesNames" (id, name, rank, created_at, updated_at, species, language) VALUES (48, 'Mentawai Serpent-Eagle', 5, '2020-05-23 11:23:29.314520', '2020-05-23 11:23:29.314520', 156, 'en_US');
INSERT INTO public."SpeciesNames" (id, name, rank, created_at, updated_at, species, language) VALUES (49, 'Crested Serpent-Eagle', 4, '2020-05-23 11:23:29.321387', '2020-05-23 11:23:29.321387', 156, 'en_US');
INSERT INTO public."SpeciesNames" (id, name, rank, created_at, updated_at, species, language) VALUES (50, 'Simeulue Serpent-Eagle', 3, '2020-05-23 11:23:29.327279', '2020-05-23 11:23:29.327279', 156, 'en_US');
INSERT INTO public."SpeciesNames" (id, name, rank, created_at, updated_at, species, language) VALUES (51, 'Nias Serpent-Eagle', 2, '2020-05-23 11:23:29.333895', '2020-05-23 11:23:29.333895', 156, 'en_US');
INSERT INTO public."SpeciesNames" (id, name, rank, created_at, updated_at, species, language) VALUES (52, 'Natuna Serpent-Eagle', 1, '2020-05-23 11:23:29.341251', '2020-05-23 11:23:29.341251', 156, 'en_US');
INSERT INTO public."SpeciesNames" (id, name, rank, created_at, updated_at, species, language) VALUES (53, 'Head coral', 1, '2020-05-23 11:23:30.891403', '2020-05-23 11:23:30.891403', 163, 'en_US');
INSERT INTO public."SpeciesNames" (id, name, rank, created_at, updated_at, species, language) VALUES (54, 'Grey Sea Eagle', 3, '2020-05-23 11:23:35.685659', '2020-05-23 11:23:35.685659', 177, 'en_US');
INSERT INTO public."SpeciesNames" (id, name, rank, created_at, updated_at, species, language) VALUES (55, 'White-tailed sea-eagle', 2, '2020-05-23 11:23:37.078664', '2020-05-23 11:23:37.078664', 177, 'en_US');
INSERT INTO public."SpeciesNames" (id, name, rank, created_at, updated_at, species, language) VALUES (56, 'White-tailed Eagle', 1, '2020-05-23 11:23:37.087504', '2020-05-23 11:23:37.087504', 177, 'en_US');
INSERT INTO public."SpeciesNames" (id, name, rank, created_at, updated_at, species, language) VALUES (57, 'Four-toed Terrapin', 5, '2020-05-23 11:23:45.421140', '2020-05-23 11:23:45.421140', 205, 'en_US');
INSERT INTO public."SpeciesNames" (id, name, rank, created_at, updated_at, species, language) VALUES (58, 'Northern river terrapin', 4, '2020-05-23 11:23:46.017017', '2020-05-23 11:23:46.017017', 205, 'en_US');
INSERT INTO public."SpeciesNames" (id, name, rank, created_at, updated_at, species, language) VALUES (59, 'Batagur', 3, '2020-05-23 11:23:46.028880', '2020-05-23 11:23:46.028880', 205, 'en_US');
INSERT INTO public."SpeciesNames" (id, name, rank, created_at, updated_at, species, language) VALUES (60, 'Common Batagur', 2, '2020-05-23 11:23:46.039227', '2020-05-23 11:23:46.039227', 205, 'en_US');
INSERT INTO public."SpeciesNames" (id, name, rank, created_at, updated_at, species, language) VALUES (61, 'River Terrapin', 1, '2020-05-23 11:23:46.052685', '2020-05-23 11:23:46.052685', 205, 'en_US');
INSERT INTO public."SpeciesNames" (id, name, rank, created_at, updated_at, species, language) VALUES (62, 'Collared Scops-Owl', 3, '2020-05-23 11:23:48.363020', '2020-05-23 11:23:48.363020', 212, 'en_US');
INSERT INTO public."SpeciesNames" (id, name, rank, created_at, updated_at, species, language) VALUES (63, 'Sunda Scops-Owl', 2, '2020-05-23 11:23:48.939368', '2020-05-23 11:23:48.939368', 212, 'en_US');
INSERT INTO public."SpeciesNames" (id, name, rank, created_at, updated_at, species, language) VALUES (64, 'Indian Scops-Owl', 1, '2020-05-23 11:23:48.949761', '2020-05-23 11:23:48.949761', 212, 'en_US');
INSERT INTO public."SpeciesNames" (id, name, rank, created_at, updated_at, species, language) VALUES (65, 'Slender-billed Vulture', 1, '2020-05-23 11:23:50.492691', '2020-05-23 11:23:50.492691', 219, 'en_US');
INSERT INTO public."SpeciesNames" (id, name, rank, created_at, updated_at, species, language) VALUES (66, 'Sunda Pangolin', 2, '2020-05-23 11:23:52.912209', '2020-05-23 11:23:52.912209', 226, 'en_US');
INSERT INTO public."SpeciesNames" (id, name, rank, created_at, updated_at, species, language) VALUES (67, 'Malayan Pangolin', 1, '2020-05-23 11:23:53.909157', '2020-05-23 11:23:53.909157', 226, 'en_US');
INSERT INTO public."SpeciesNames" (id, name, rank, created_at, updated_at, species, language) VALUES (68, 'Whale Shark', 1, '2020-05-23 11:23:55.458000', '2020-05-23 11:23:55.458000', 233, 'en_US');
INSERT INTO public."SpeciesNames" (id, name, rank, created_at, updated_at, species, language) VALUES (69, 'Giant Catfish', 2, '2020-05-23 11:24:00.950701', '2020-05-23 11:24:00.950701', 247, 'en_US');
INSERT INTO public."SpeciesNames" (id, name, rank, created_at, updated_at, species, language) VALUES (70, 'Mekong giant catfish', 1, '2020-05-23 11:24:01.352660', '2020-05-23 11:24:01.352660', 247, 'en_US');
INSERT INTO public."SpeciesNames" (id, name, rank, created_at, updated_at, species, language) VALUES (71, 'Chinese Pangolin', 1, '2020-05-23 11:24:02.876527', '2020-05-23 11:24:02.876527', 254, 'en_US');
INSERT INTO public."SpeciesNames" (id, name, rank, created_at, updated_at, species, language) VALUES (72, 'Salt-water Crocodile', 2, '2020-05-23 11:24:07.537845', '2020-05-23 11:24:07.537845', 268, 'en_US');
INSERT INTO public."SpeciesNames" (id, name, rank, created_at, updated_at, species, language) VALUES (73, 'Estuarine Crocodile', 1, '2020-05-23 11:24:08.252559', '2020-05-23 11:24:08.252559', 268, 'en_US');
INSERT INTO public."SpeciesNames" (id, name, rank, created_at, updated_at, species, language) VALUES (74, 'Amur Tiger', 3, '2020-05-23 11:24:09.794580', '2020-05-23 11:24:09.794580', 275, 'en_US');
INSERT INTO public."SpeciesNames" (id, name, rank, created_at, updated_at, species, language) VALUES (75, 'Tiger', 2, '2020-05-23 11:24:10.890154', '2020-05-23 11:24:10.890154', 275, 'en_US');
INSERT INTO public."SpeciesNames" (id, name, rank, created_at, updated_at, species, language) VALUES (76, 'Siberian Tiger', 1, '2020-05-23 11:24:10.901064', '2020-05-23 11:24:10.901064', 275, 'en_US');
INSERT INTO public."SpeciesNames" (id, name, rank, created_at, updated_at, species, language) VALUES (77, 'Narrow-snouted Dolphin', 3, '2020-05-23 11:24:12.884632', '2020-05-23 11:24:12.884632', 282, 'en_US');
INSERT INTO public."SpeciesNames" (id, name, rank, created_at, updated_at, species, language) VALUES (78, 'Bridled Dolphin', 2, '2020-05-23 11:24:13.555639', '2020-05-23 11:24:13.555639', 282, 'en_US');
INSERT INTO public."SpeciesNames" (id, name, rank, created_at, updated_at, species, language) VALUES (79, 'Pantropical Spotted Dolphin', 1, '2020-05-23 11:24:13.564338', '2020-05-23 11:24:13.564338', 282, 'en_US');
INSERT INTO public."SpeciesNames" (id, name, rank, created_at, updated_at, species, language) VALUES (80, 'Cauliflower Coral', 1, '2020-05-23 11:24:17.134132', '2020-05-23 11:24:17.134132', 296, 'en_US');
INSERT INTO public."SpeciesNames" (id, name, rank, created_at, updated_at, species, language) VALUES (81, 'Dusky Leaf Monkey', 4, '2020-05-23 11:24:19.063357', '2020-05-23 11:24:19.063357', 303, 'en_US');
INSERT INTO public."SpeciesNames" (id, name, rank, created_at, updated_at, species, language) VALUES (82, 'Spectacled Langur', 3, '2020-05-23 11:24:19.737652', '2020-05-23 11:24:19.737652', 303, 'en_US');
INSERT INTO public."SpeciesNames" (id, name, rank, created_at, updated_at, species, language) VALUES (83, 'Spectacled Leaf Monkey', 2, '2020-05-23 11:24:19.749375', '2020-05-23 11:24:19.749375', 303, 'en_US');
INSERT INTO public."SpeciesNames" (id, name, rank, created_at, updated_at, species, language) VALUES (84, 'Dusky langur', 1, '2020-05-23 11:24:19.757336', '2020-05-23 11:24:19.757336', 303, 'en_US');
INSERT INTO public."SpeciesNames" (id, name, rank, created_at, updated_at, species, language) VALUES (85, 'Branch coral', 1, '2020-05-23 11:24:21.271920', '2020-05-23 11:24:21.271920', 310, 'en_US');
INSERT INTO public."SpeciesNames" (id, name, rank, created_at, updated_at, species, language) VALUES (86, 'Bat Kite', 2, '2020-05-23 11:24:26.670166', '2020-05-23 11:24:26.670166', 324, 'en_US');
INSERT INTO public."SpeciesNames" (id, name, rank, created_at, updated_at, species, language) VALUES (87, 'Bat Hawk', 1, '2020-05-23 11:24:27.928491', '2020-05-23 11:24:27.928491', 324, 'en_US');
INSERT INTO public."SpeciesNames" (id, name, rank, created_at, updated_at, species, language) VALUES (88, 'Euphrosyne Dolphin', 2, '2020-05-23 11:24:32.484112', '2020-05-23 11:24:32.484112', 338, 'en_US');
INSERT INTO public."SpeciesNames" (id, name, rank, created_at, updated_at, species, language) VALUES (89, 'Striped Dolphin', 1, '2020-05-23 11:24:33.099076', '2020-05-23 11:24:33.099076', 338, 'en_US');
INSERT INTO public."SpeciesNames" (id, name, rank, created_at, updated_at, species, language) VALUES (90, 'Sunda otter civet', 4, '2020-05-23 11:24:35.005316', '2020-05-23 11:24:35.005316', 345, 'en_US');
INSERT INTO public."SpeciesNames" (id, name, rank, created_at, updated_at, species, language) VALUES (91, 'Otter civet', 3, '2020-05-23 11:24:35.768898', '2020-05-23 11:24:35.768898', 345, 'en_US');
INSERT INTO public."SpeciesNames" (id, name, rank, created_at, updated_at, species, language) VALUES (92, 'Otter-civet', 2, '2020-05-23 11:24:35.779148', '2020-05-23 11:24:35.779148', 345, 'en_US');
INSERT INTO public."SpeciesNames" (id, name, rank, created_at, updated_at, species, language) VALUES (93, 'Sunda Otter-civet', 1, '2020-05-23 11:24:35.787908', '2020-05-23 11:24:35.787908', 345, 'en_US');

INSERT INTO public."annotations" (id, stream_id, classification_id, start, "end", frequency_min, frequency_max, created_by, updated_by, created_at, updated_at) VALUES ('89098e06-d59f-455f-a90c-c0b373208d32', 'lgndfyp1enmu', 303, '2020-05-24 15:34:05.500', '2020-05-24 15:34:09.000', 2000, 7800, 8, 8, '2020-05-29 11:30:00.000', '2020-05-29 11:30:00.000');
INSERT INTO public."annotations" (id, stream_id, classification_id, start, "end", frequency_min, frequency_max, created_by, updated_by, created_at, updated_at) VALUES ('5bf7dd68-ef61-452d-bc42-e28ae1de230d', 'lgndfyp1enmu', 303, '2020-05-24 15:38:45.000', '2020-05-24 15:39:09.000', 2600, 6800, 8, 8, '2020-05-29 11:30:00.000', '2020-05-29 11:30:00.000');
INSERT INTO public."annotations" (id, stream_id, classification_id, start, "end", frequency_min, frequency_max, created_by, updated_by, created_at, updated_at) VALUES ('e309c97c-01ed-4db3-a3f2-946904c62a02', 'lgndfyp1enmu', 303, '2020-05-24 15:39:22.500', '2020-05-24 15:39:25.500', 2900, 8900, 8, 8, '2020-05-29 11:30:00.000', '2020-05-29 11:30:00.000');
INSERT INTO public."annotations" (id, stream_id, classification_id, start, "end", frequency_min, frequency_max, created_by, updated_by, created_at, updated_at) VALUES ('eda9c5c7-de13-4d5b-96bd-03ecd9158490', 'lgndfyp1enmu', 303, '2020-05-24 15:35:03.000', '2020-05-24 15:35:29.000', 1800, 8100, 8, 8, '2020-05-29 11:30:00.000', '2020-05-29 11:30:00.000');
INSERT INTO public."annotations" (id, stream_id, classification_id, start, "end", frequency_min, frequency_max, created_by, updated_by, created_at, updated_at) VALUES ('331d3d7b-1788-4ee9-8e7c-77516a280be4', 'lgndfyp1enmu', 303, '2020-05-24 19:10:53.500', '2020-05-24 19:12:05.500', 2000, 9200, 8, 8, '2020-05-29 11:30:00.000', '2020-05-29 11:30:00.000');
INSERT INTO public."annotations" (id, stream_id, classification_id, start, "end", frequency_min, frequency_max, created_by, updated_by, created_at, updated_at) VALUES ('3e426fa1-7f51-42d2-8361-b69e145f5169', 'lgndfyp1enmu', 303, '2020-05-24 19:29:00.000', '2020-05-24 19:29:16.750', 1800, 7400, 8, 8, '2020-05-29 11:30:00.000', '2020-05-29 11:30:00.000');
INSERT INTO public."annotations" (id, stream_id, classification_id, start, "end", frequency_min, frequency_max, created_by, updated_by, created_at, updated_at) VALUES ('df51db27-bf11-4b1a-9493-d7ebb572c181', 'lgndfyp1enmu', 345, '2020-05-24 15:30:45.000', '2020-05-24 15:30:59.500', 7700, 12000, 8, 8, '2020-05-29 11:30:00.000', '2020-05-29 11:30:00.000');
INSERT INTO public."annotations" (id, stream_id, classification_id, start, "end", frequency_min, frequency_max, created_by, updated_by, created_at, updated_at) VALUES ('bbcb7e6c-d09c-4845-9245-2328662eaad9', 'lgndfyp1enmu', 345, '2020-05-24 15:35:33.500', '2020-05-24 15:35:51.500', 9000, 13500, 8, 8, '2020-05-29 11:30:00.000', '2020-05-29 11:30:00.000');
INSERT INTO public."annotations" (id, stream_id, classification_id, start, "end", frequency_min, frequency_max, created_by, updated_by, created_at, updated_at) VALUES ('768d27ef-ea77-4c1e-9841-78dd5525dba8', 'ev69cht895gc', 268, '2020-05-24 12:25:05.500', '2020-05-24 12:25:14.000', 1300, 5220, 8, 8, '2020-05-29 11:30:00.000', '2020-05-29 11:30:00.000');
INSERT INTO public."annotations" (id, stream_id, classification_id, start, "end", frequency_min, frequency_max, created_by, updated_by, created_at, updated_at) VALUES ('2301646d-0654-4467-affd-9b6709be5358', 'ev69cht895gc', 268, '2020-05-24 12:28:45.000', '2020-05-24 12:28:49.000', 600, 5800, 8, 8, '2020-05-29 11:30:00.000', '2020-05-29 11:30:00.000');
INSERT INTO public."annotations" (id, stream_id, classification_id, start, "end", frequency_min, frequency_max, created_by, updated_by, created_at, updated_at) VALUES ('2301646d-0654-4467-affd-9b6709be5123', 'ev69cht895gc', 268, '2020-05-25 12:00:21.750', '2020-05-25 11:01:25.500', 900, 5900, 8, 8, '2020-05-29 11:30:00.000', '2020-05-29 11:30:00.000');
